Workbook

Sheet 00_Summary
A1: ตาราง Test Case โครงงาน ระบบจองคอร์ดแบดมินตัน (Book-a-Badminton Court)
A2: ชื่อผู้จัดทำ (ส่งรายบุคคล):
A3: รหัสนักศึกษา:
A4: กลุ่ม / สมาชิกในกลุ่ม:
A5: วันที่จัดทำ:
A6: เวอร์ชันที่ใช้ออกแบบตาราง: | B6: dev commit 0fcde23 (อัปเดตล่าสุด 21 ก.ย. 2569; ก่อนหน้า e9acf4a, b5877f6) — อ้างอิง test.md, backend/src/bookings/booking-time.ts, bookings.service.ts, cron/cron.service.ts, frontend/src/lib/api.ts, frontend/src/lib/booking-display.ts, frontend/src/app/globals.css, frontend/src/app/layout.tsx
A7: เอกสารอ้างอิง Requirement: | B7: feedback.md (กติกาข้อ 1 และ Feature ID A01-A09 / U01-U10 / S01-S06), test.md (Test Checklist ของทีมใน dev), CLAUDE.md, README.md และโค้ดจริงใน backend/src, frontend/src
A8: วิธีบันทึกผล: | B8: ทดสอบจริงแล้วกรอกคอลัมน์ Actual Result และ Status (ผ่าน / ไม่ผ่าน / รอทดสอบ / ตรวจไม่ได้) โดยเลือกจาก dropdown
A9: ข้อกำหนดการทดสอบ: | B9: ใช้ฐานข้อมูลและบัญชีทดสอบเท่านั้น ห้ามใช้ข้อมูลจริงในการทดสอบการยกเลิก/แบน (ตาม CLAUDE.md)
A11: REQ ID | B11: Requirement | C11: แหล่งอ้างอิง | D11: Sheet | E11: จำนวน Test Case | F11: ผ่าน | G11: ไม่ผ่าน | H11: รอทดสอบ
A12: REQ-AUTH | B12: การสมัครสมาชิกและการเข้าสู่ระบบ | C12: ข้อกำหนดช่วงแรก (Auth), auth.service.ts, users.service.ts, jwt.strategy.ts | D12: 01_REQ-AUTH | E12: 32 | F12: =COUNTIF('01_REQ-AUTH'!$G$3:$G$34,"ผ่าน") | G12: =COUNTIF('01_REQ-AUTH'!$G$3:$G$34,"ไม่ผ่าน") | H12: =COUNTIF('01_REQ-AUTH'!$G$3:$G$34,"รอทดสอบ")
A13: REQ-BOOK | B13: การจองคอร์ด: วันต่อวัน โควตา 1 ครั้ง/วัน ตรวจเวลาทับซ้อน | C13: feedback.md กติกาข้อ 1; S01; U02, U03, U04, U10 | D13: 02_REQ-BOOK | E13: 42 | F13: =COUNTIF('02_REQ-BOOK'!$G$3:$G$44,"ผ่าน") | G13: =COUNTIF('02_REQ-BOOK'!$G$3:$G$44,"ไม่ผ่าน") | H13: =COUNTIF('02_REQ-BOOK'!$G$3:$G$44,"รอทดสอบ")
A14: REQ-CANCEL | B14: การยกเลิกการจองเองและเส้นตาย 15 นาทีหลังเวลาเริ่ม | C14: feedback.md กติกาข้อ 1; S02; U07 | D14: 03_REQ-CANCEL | E14: 17 | F14: =COUNTIF('03_REQ-CANCEL'!$G$3:$G$19,"ผ่าน") | G14: =COUNTIF('03_REQ-CANCEL'!$G$3:$G$19,"ไม่ผ่าน") | H14: =COUNTIF('03_REQ-CANCEL'!$G$3:$G$19,"รอทดสอบ")
A15: REQ-CHECKIN | B15: การเช็กอินด้วย QR ของ Admin สถานะการจอง และ Countdown | C15: S03; A07, A08; U06 | D15: 04_REQ-CHECKIN | E15: 28 | F15: =COUNTIF('04_REQ-CHECKIN'!$G$3:$G$30,"ผ่าน") | G15: =COUNTIF('04_REQ-CHECKIN'!$G$3:$G$30,"ไม่ผ่าน") | H15: =COUNTIF('04_REQ-CHECKIN'!$G$3:$G$30,"รอทดสอบ")
A16: REQ-BAN | B16: งานอัตโนมัติตามเวลา นับความผิด แบน 24 ชั่วโมง และปลดแบนอัตโนมัติ | C16: feedback.md กติกาข้อ 1; S02; U08 | D16: 05_REQ-BAN | E16: 26 | F16: =COUNTIF('05_REQ-BAN'!$G$3:$G$28,"ผ่าน") | G16: =COUNTIF('05_REQ-BAN'!$G$3:$G$28,"ไม่ผ่าน") | H16: =COUNTIF('05_REQ-BAN'!$G$3:$G$28,"รอทดสอบ")
A17: REQ-ADMIN | B17: ฟังก์ชันฝั่ง Admin: แจ้งเตือน Dashboard กราฟ Manage Users QR | C17: A01-A09 | D17: 06_REQ-ADMIN | E17: 42 | F17: =COUNTIF('06_REQ-ADMIN'!$G$3:$G$44,"ผ่าน") | G17: =COUNTIF('06_REQ-ADMIN'!$G$3:$G$44,"ไม่ผ่าน") | H17: =COUNTIF('06_REQ-ADMIN'!$G$3:$G$44,"รอทดสอบ")
A18: REQ-UI | B18: UI/UX ธีม Dark/Light Responsive และข้อกำหนดหน้าจอผู้ใช้ | C18: A02, A03, A04; U01, U05, U09, U10; S05, S06 | D18: 07_REQ-UI | E18: 33 | F18: =COUNTIF('07_REQ-UI'!$G$3:$G$35,"ผ่าน") | G18: =COUNTIF('07_REQ-UI'!$G$3:$G$35,"ไม่ผ่าน") | H18: =COUNTIF('07_REQ-UI'!$G$3:$G$35,"รอทดสอบ")
A19: REQ-SEC | B19: ความปลอดภัย: JWT, สิทธิ์ตามบทบาท, ความเป็นเจ้าของข้อมูล | C19: S04; JwtAuthGuard, RolesGuard, jwt.strategy.ts | D19: 08_REQ-SEC | E19: 28 | F19: =COUNTIF('08_REQ-SEC'!$G$3:$G$30,"ผ่าน") | G19: =COUNTIF('08_REQ-SEC'!$G$3:$G$30,"ไม่ผ่าน") | H19: =COUNTIF('08_REQ-SEC'!$G$3:$G$30,"รอทดสอบ")
A20: REQ-CONC | B20: คำขอพร้อมกัน การประมวลผลซ้ำ และความถูกต้องของข้อมูล | C20: S01, S02; checklist ข้อ 4 และข้อ 7 ใน feedback.md | D20: 09_REQ-CONC | E20: 23 | F20: =COUNTIF('09_REQ-CONC'!$G$3:$G$25,"ผ่าน") | G20: =COUNTIF('09_REQ-CONC'!$G$3:$G$25,"ไม่ผ่าน") | H20: =COUNTIF('09_REQ-CONC'!$G$3:$G$25,"รอทดสอบ")
A21: รวม | E21: 271 | F21: =SUM(F12:F20) | G21: =SUM(G12:G20) | H21: =SUM(H12:H20)
A23: หมายเหตุ
A24: 1. ตารางออกแบบโดยแยกตาม Requirement ของโครงงาน โดย 1 Sheet = 1 กลุ่ม Requirement และชื่อ Test Case ID ใช้รูปแบบ TC_<REQ>_<ลำดับ>
A25: 2. แต่ละ Requirement ครอบคลุมกรณีใช้งานทั่วไป (Positive), กรณีผิดพลาด (Negative), ค่าขอบเขต (Boundary) และกรณีพิเศษ (Edge Case) ตามแนวทางตารางตัวอย่าง
A26: 3. คอลัมน์ Status กำหนดค่าได้ 4 แบบ: ผ่าน / ไม่ผ่าน / รอทดสอบ / ตรวจไม่ได้ โดยเลือกจาก dropdown ที่เตรียมไว้
A27: 4. กรณี TEST CASE ที่ต้องใช้เวลา (เส้นตาย 15 นาที, cron, การแบน 24 ชั่วโมง) ให้ปรับเวลาของเครื่องทดสอบหรือเตรียมข้อมูลล่วงหน้า แล้วบันทึกเวลาจริงที่ใช้ทดสอบในคอลัมน์ Actual Result
A28: 5. การทดสอบฝั่ง API ให้แนบหลักฐาน เช่น คำสั่ง curl/Postman, รหัสสถานะ HTTP และผลลัพธ์จริง ลงในคอลัมน์ Actual Result
A29: 6. ปรับตามเวอร์ชัน dev b5877f6: รอบเวลา 15 รอบ (เริ่ม 08:00-22:00 รอบสุดท้ายจบ 23:00), รับเฉพาะเวลาต้นชั่วโมง, ปฏิเสธรอบที่หมดเวลาแล้ว, จองกลางรอบได้แต่ time_out ใช้เวลาสิ้นสุดรอบเดิม, deadline เช็กอิน = max(เวลาเริ่มรอบ, created_at) + 15 นาที, รอบที่ deadline เลยเวลาจบรอบไม่นับ strike, งานอัตโนมัติยกเลิกที่ min(deadline, end) และจบรอบที่เวลาสิ้นสุดรอบ
A30: 7. ก่อนกรอกผลให้ดูชีต 10_Rules_dev (กติกาอ้างอิงจากโค้ดเวอร์ชันปัจจุบัน) และชีต 11_Mapping (จับคู่ Test Case กับชุดทดสอบ test.md ของทีม)
A31: 8. ประเด็นที่ทีมตรวจพบแล้วใน dev (ใช้ประกอบการกรอก Actual Result ไม่ใช่ผลทดสอบของตารางนี้): QA-01..QA-05 validation การสมัคร (ช่องว่าง/studentId ซ้ำเขียนทับบัญชีเดิม [Critical]/email ซ้ำได้ 500/รูปแบบอีเมล), QA-06 เบอร์โทร 16 ตัวกับปีการศึกษาที่ไม่ใช่ตัวเลข, QA-07 สมัครโดยไม่ส่งรหัสผ่านแล้วได้รหัสเริ่มต้น password — หลักฐานอยู่ที่ backend/test/checklist-sections-1-3.cjs และ checklist-sections-1-3-results.json
A32: 9. ประเด็นที่ยังไม่ตรงกันระหว่างเอกสารกับโค้ด (ต้องยืนยันกติกาก่อนตัดสินผ่าน): โควตานับ COMPLETED (GAP-01), availability ที่ไม่ส่ง date ใช้วัน UTC (GAP-05), QR ผู้ดูแลแสดงก่อนเวลาเริ่มรอบหรือไม่ (GAP-03), ปุ่มยืนยันใน popup จองยังใช้ข้อความ 'ยืนยันจองคอร์ท' ไม่ตรงข้อกำหนด U04, A06 กราฟสถิติยังไม่มีโค้ดกราฟในโปรเจกต์
A33: 10. อัปเดตก่อนหน้า (commit e9acf4a / 60a0f24): ไอคอน Material Symbols เปลี่ยนจาก CDN ของ Google มาโหลดจากแพ็กเกจ material-symbols ในโปรเจกต์ (self-hosted) พร้อมแก้ CSS สำหรับ Safari มือถือ, เอกสาร feedback.md ปรับรูปแบบหัวข้อเท่านั้น (ไม่มี Requirement ใหม่), backend/tsconfig.json ปรับ ignoreDeprecations — เพิ่มเคส TC_UI_019 และ TC_UI_020 ให้ตรวจด้านไอคอน/ฟอนต์ที่โหลดจากในเครื่อง
A34: 11. อัปเดตล่าสุด (commit 0fcde23 ของ dev): ตรวจ diff e9acf4a..0fcde23 แล้วไม่มีการเปลี่ยนโค้ดหรือกติกา จึงไม่มี Expected Result ข้อใดเปลี่ยน — รุ่นนี้จึงปรับเฉพาะชีตอ้างอิง: สร้างชีต 11_Mapping ใหม่เป็นตารางตรวจความครบราย ID เทียบ Test Checklist ของทีม (test.md) และตัดการอ้างอิงเอกสารอื่นของทีมออกทั้งหมด
... A37: ผลทดสอบจริง 28/09/2569: เพิ่มรอบโฟกัส REQ-BOOK บน API/MySQL, Chromium และ BookingsService+mocked Date; QA volume แยก; เฉพาะเคสที่ครบทุก assertion จึงนับผ่าน/ไม่ผ่าน
A38: ผ่าน (ทดสอบครบ) | B38: 72 | C38: ไม่ผ่าน (ทดสอบครบ) | D38: 22 | E38: ตรวจบางส่วน/ตรวจไม่ได้ | F38: 38 | G38: ยังรอทดสอบ | H38: 139
A39: ข้อจำกัด: REQ-BOOK ยังเหลือ TC_BOOK_037 รอทดสอบ และ TC_BOOK_009/034/035 ตรวจบางส่วน; กล้อง, โหลดสูง, production HTTPS, หลาย instance และนโยบายอื่นยังอยู่นอกการรันนี้
A40: หลักฐาน REQ-BOOK: testing/evidence/qa_book_*.json; runners: testing/run_qa_book_api.cjs, run_qa_book_ui.cjs, run_qa_book_time.cjs
A41: รอบเพิ่ม 28/09/2569: ทดสอบ 6 เคสจากกลุ่มรอทดสอบเดิมด้วย Chromium + isolated QA backend: ผ่าน 2 (AUTH_012, SEC_011), ไม่ผ่าน 2 (AUTH_030, BOOK_004), ตรวจบางส่วน 2 (UI_001, UI_016); อ้างอิงชีต 13_Execution_Additional
A42: รอบ REQ-BOOK 28/09/2569: 42 เคส — ผ่าน 28, ไม่ผ่าน 10, ตรวจบางส่วน 3, รอทดสอบ 1; ผลรวมทั้ง workbook ผ่าน 72, ไม่ผ่าน 22, ตรวจบางส่วน 38, รอทดสอบ 139 จาก 271

Sheet 01_REQ-AUTH
A1: REQ-AUTH: การสมัครสมาชิกและการเข้าสู่ระบบ (Authentication)
A2: Test Case ID | B2: Test Scenario | C2: Test Steps | D2: Test Data | E2: Expected Result | F2: Actual Result | G2: Status
A3: TC_AUTH_001 | B3: สมัครสมาชิกด้วยข้อมูลครบถ้วนสำเร็จ (Positive) | C3: 1. เปิดหน้า /register 2. กรอกรหัสนักศึกษา ชื่อ-นามสกุล อีเมล เบอร์โทร สาขา ชั้นปี ชื่อผู้ใช้ และรหัสผ่านให้ครบ 3. กดปุ่ม สมัครสมาชิก | D3: รหัส 66010001 / somchai@kmitl.ac.th / somchai_p / Passw0rd!23 / สาขา IT / ชั้นปี 3 | E3: ระบบสร้างบัญชีสำเร็จ แสดงข้อความ "Registration successful!" เก็บ access_token ใน localStorage และพาไปหน้า /dashboard ด้วยสิทธิ์ STUDENT | G3: รอทดสอบ
A4: TC_AUTH_002 | B4: สมัครด้วยอีเมลที่ไม่ใช่โดเมน @kmitl.ac.th (Negative) | C4: 1. เปิดหน้า /register 2. กรอกอีเมล somchai@gmail.com และข้อมูลอื่นครบ 3. กดปุ่ม สมัครสมาชิก | D4: อีเมล somchai@gmail.com | E4: ระบบปฏิเสธการสมัคร ตอบกลับ 400 พร้อมข้อความ "Email must be a @kmitl.ac.th address" และไม่มีบัญชีใหม่ถูกสร้าง | F4: API/MySQL: 400 domain validation Only some workbook assertions were exercised. | G4: ตรวจไม่ได้
A5: TC_AUTH_003 | B5: อีเมลที่ขึ้นต้นถูกแต่ต่อท้ายโดเมนอื่น (Boundary) | C5: 1. เปิดหน้า /register 2. กรอกอีเมล somchai@kmitl.ac.th.co 3. กดปุ่ม สมัครสมาชิก | D5: อีเมล somchai@kmitl.ac.th.co | E5: ระบบปฏิเสธ เพราะต้องลงท้ายด้วย @kmitl.ac.th เท่านั้น และแสดงข้อความแจ้งข้อผิดพลาดที่อ่านเข้าใจได้ | F5: API/MySQL: 400 suffix validation Only some workbook assertions were exercised. | G5: ตรวจไม่ได้
A6: TC_AUTH_004 | B6: สมัครด้วยชื่อผู้ใช้ที่ซ้ำกับที่มีอยู่ (Negative) | C6: 1. สมัครบัญชีใหม่ด้วย username somchai_p (มีอยู่แล้ว) 2. กดปุ่ม สมัครสมาชิก | D6: username somchai_p | E6: ระบบตอบกลับ 400 พร้อมข้อความ "Username already exists" และไม่สร้างบัญชีซ้ำ | F6: API/MySQL: 400 duplicate username Only some workbook assertions were exercised. | G6: ตรวจไม่ได้
A7: TC_AUTH_005 | B7: สมัครด้วยรหัสนักศึกษาที่ซ้ำกับที่มีอยู่ (Negative) | C7: 1. สมัครบัญชีใหม่ด้วย stu_id 66010001 แต่ใช้ username/อีเมลใหม่ 2. กดปุ่ม สมัครสมาชิก | D7: stu_id 66010001, username somchai_two, somchai2@kmitl.ac.th | E7: ระบบไม่บันทึกบัญชีซ้ำ และแจ้งข้อความข้อผิดพลาดที่ผู้ใช้เข้าใจได้ (ต้องไม่ค้างที่ข้อความ 500 แบบดิบ) | F7: API/MySQL: duplicate HTTP 201; original username is OVERWRITTEN 201 !== 400 | G7: ไม่ผ่าน
A8: TC_AUTH_006 | B8: เว้นช่องข้อมูลบังคับว่าง (Negative) | C8: 1. เปิดหน้า /register 2. เว้นช่อง ชื่อผู้ใช้ หรือ รหัสผ่าน ว่าง 3. กดปุ่ม สมัครสมาชิก | D8: ช่องบังคับว่าง 1 ช่อง | E8: ฟอร์มไม่ส่งคำขอไปเซิร์ฟเวอร์ และมีข้อความบอกให้กรอกช่องนั้นให้ครบ | F8: Browser/Chromium: 7 required inputs reject blank before POST; remaining workbook assertions not verified | G8: ตรวจไม่ได้
A9: TC_AUTH_007 | B9: เข้าสู่ระบบด้วยชื่อผู้ใช้และรหัสผ่านถูกต้อง (Positive) | C9: 1. เปิดหน้า /login 2. กรอกบัญชีผู้ใช้ทดสอบที่ seed ไว้ (testuser / password) 3. กดปุ่ม Login | D9: username testuser / password (บัญชี seed ใน users.service.ts) | E9: ระบบตอบกลับ 200 พร้อม access_token และข้อมูลผู้ใช้ (id, username, name, role=STUDENT) แสดงข้อความ "Login successful!" และพาไปหน้า /dashboard | F9: API/MySQL: HTTP 201: 201 !== 200 | G9: ไม่ผ่าน
A10: TC_AUTH_008 | B10: เข้าสู่ระบบด้วยรหัสผ่านผิด (Negative) | C10: 1. เปิดหน้า /login 2. กรอก username testuser และรหัสผ่านผิด 3. กดปุ่ม Login | D10: username testuser / password WrongPass123 | E10: ระบบตอบกลับ 401 พร้อมข้อความ "Invalid credentials" และไม่บันทึก token | F10: API/MySQL: 401, no token Only some workbook assertions were exercised. | G10: ตรวจไม่ได้
A11: TC_AUTH_009 | B11: เข้าสู่ระบบด้วยชื่อผู้ใช้ที่ไม่มีในระบบ (Negative) | C11: 1. เปิดหน้า /login 2. กรอก username no_such_user และรหัสผ่านอะไรก็ได้ 3. กดปุ่ม Login | D11: username no_such_user | E11: ระบบตอบกลับ 401 และไม่เปิดเผยว่ามีหรือไม่มีบัญชีนี้ในข้อความผิดพลาด | F11: API/MySQL: 401 generic message | G11: ผ่าน
A12: TC_AUTH_010 | B12: เข้าสู่ระบบด้วยบัญชี Admin (Positive) | C12: 1. เปิดหน้า /login 2. กรอกบัญชี Admin 3. กดปุ่ม Login | D12: บัญชี Admin ที่ระบบ seed (admin / password ตาม users.service.ts) | E12: ระบบตอบกลับ role=ADMIN โดยใช้ admin_id เป็น id และพาไปหน้า /dashboard ซึ่งมีเมนูสำหรับ Admin | F12: API/MySQL: 201 ADMIN login (API portion; dashboard UI not covered); remaining UI/subcases not exercised Browser/Chromium: admin login -> dashboard with Users menu | G12: ผ่าน
A13: TC_AUTH_011 | B13: ตรวจการจัดเก็บรหัสผ่านในฐานข้อมูล (Security) | C13: 1. สมัครสมาชิกใหม่ 1 บัญชี 2. เปิดฐานข้อมูลตาราง users_students 3. ตรวจค่าคอลัมน์ password ของบัญชีใหม่ | D13: บัญชีที่สมัครใหม่ในข้อ TC_AUTH_001 | E13: คอลัมน์ password เก็บค่าแฮช bcrypt (ขึ้นต้นด้วย $2b$ หรือ $2a$) ไม่เก็บรหัสผ่านแบบข้อความธรรมดา | F13: API/MySQL: bcrypt hash in isolated DB, never raw password | G13: ผ่าน
A14: TC_AUTH_012 | B14: การแนบ token ไปกับคำขอหลังเข้าสู่ระบบ (Positive) | C14: 1. เข้าสู่ระบบสำเร็จ 2. เปิด Developer Tools > Network 3. เรียกหน้า /booking หรือ /bookings/me | D14: access_token ที่ได้จากหน้า login | E14: ทุกคำขอมี header Authorization: Bearer <token> และเซิร์ฟเวอร์ตอบกลับ 200 | F14: Browser/Chromium รอบเพิ่ม: authenticated booking GET requests with Bearer header; availability 200; paths=/api/bookings/me,/api/bookings/user-notifications,/api/bookings/user-notifications,/api/bookings/user-notifications หลักฐาน: testing/evidence/qa_remaining_ui_results.json | G14: ผ่าน
A15: TC_AUTH_013 | B15: ออกจากระบบแล้วใช้หน้าภายในไม่ได้ (Positive) | C15: 1. เข้าสู่ระบบสำเร็จ 2. กด Logout 3. กดปุ่มย้อนกลับของเบราว์เซอร์ไปหน้า /dashboard | D15: บัญชี testuser | E15: ระบบล้าง token ออกจาก localStorage และเมื่อเข้าหน้าภายในจะถูกส่งกลับไปหน้า /login | F15: Browser/Chromium: logout clears storage and protected dashboard redirects | G15: ผ่าน
... A18: TC_AUTH_016 | B18: ส่งรหัสนักศึกษาว่าง ยาวเกิน 8 ตัว หรือผิดรูปแบบ (Negative, REG-07) | C18: 1. ยิง POST /auth/register ด้วย studentId = "" 2. ทำซ้ำด้วย "123456789" (9 ตัว) และ "abcdefgh" 3. ตรวจรหัสสถานะและแถวในฐานข้อมูล | D18: studentId = "", "123456789", "abcdefgh" | E18: ถูกปฏิเสธด้วย validation ที่สื่อความ (4xx) ไม่สร้างบัญชีที่ไม่มีหรือมีรหัสผิดรูปแบบ และไม่เกิด 500 — ปัจจุบัน studentId ว่างได้ 500 ส่วนค่าอื่นได้ 201 (QA-05) | F18: API/MySQL: statuses 500,500,201 | G18: ไม่ผ่าน
A19: TC_AUTH_017 | B19: ชื่อภาษาไทย ชื่อหลายคำ และช่องว่างหัวท้าย (Positive, REG-08) | C19: 1. สมัครด้วย name = " สมชาย ใจดี " 2. เปิด /dashboard และ /admin/users เพื่อดูชื่อที่แสดง 3. ตรวจค่า first_name/last_name ในฐานข้อมูล | D19: name = " สมชาย ใจดี " (ไทย 2 คำ) | E19: ระบบตัดช่องว่างหัวท้าย จัดเก็บ first_name = "สมชาย" และ last_name = "ใจดี" ครบ และแสดงชื่อไทยถูกต้องทุกหน้าโดยไม่หายหรือเป็นอักขระเสีย | G19: รอทดสอบ
A20: TC_AUTH_018 | B20: เบอร์โทรยาวเกินกำหนด และปีการศึกษาที่ไม่ใช่ตัวเลข (Negative, REG-09) | C20: 1. ยิง POST /auth/register ด้วย phone ยาว 16 ตัว 2. ทำซ้ำด้วย year = "abc" 3. ตรวจค่าที่บันทึกจริงในฐานข้อมูล | D20: phone = "0812345678901234", year = "abc" | E20: ระบบตอบ 4xx พร้อมข้อความ validation ของช่องนั้น ไม่บันทึกเบอร์ที่เกินกำหนด และไม่แปลงปีการศึกษาที่ผิดรูปแบบเป็นค่าเริ่มต้นเงียบ ๆ — ปัจจุบันได้ 201 และ year="abc" กลายเป็น 1 (QA-06) | F20: API/MySQL: statuses 500,201 | G20: ไม่ผ่าน
A21: TC_AUTH_019 | B21: ปีการศึกษา 0, ติดลบ, ทศนิยม และเกินช่วง (Boundary, REG-10 [ยืนยันกติกา]) | C21: 1. ยิง POST /auth/register ด้วย year = 0, -1, 1.5 และ 99 ตามลำดับ 2. ตรวจค่าที่บันทึกในฐานข้อมูล 3. เทียบกับช่วงปีการศึกษาที่ทีมตกลง | D21: year = 0, -1, 1.5, 99 (ฐานทดสอบ) | E21: รับเฉพาะปีที่อยู่ในช่วงที่กำหนดและค่าที่บันทึกตรงกับที่ส่ง (ไม่ถูกเปลี่ยนเงียบ ๆ) — ปัจจุบัน 0 → 1, -1 → -1, 1.5 → 1, 99 → 99 จึงต้องยืนยันกติกากับทีมก่อนตัดสินผ่าน/ไม่ผ่าน (ถ้ายังไม่ตกลงให้ใช้ "ตรวจไม่ได้") | G21: รอทดสอบ
A22: TC_AUTH_020 | B22: สมัครโดยไม่ส่งรหัสผ่านหรือส่งรหัสผ่านว่าง (Negative, REG-11) | C22: 1. ยิง POST /auth/register โดยไม่ส่ง field password 2. ทำซ้ำด้วย password = "" 3. ลองล็อกอินด้วย username ที่สร้างและรหัสผ่าน "password" | D22: ไม่ส่ง password / password = "" | E22: ระบบปฏิเสธว่าไม่มีรหัสผ่านและไม่สร้างบัญชี — ปัจจุบันสร้างบัญชีด้วยรหัสผ่านเริ่มต้น "password" (users.service.ts: password || 'password') และล็อกอินด้วยค่านั้นได้ (QA-07 ระดับ High) | F22: API/MySQL: statuses 201,201 | G22: ไม่ผ่าน
A23: TC_AUTH_021 | B23: ความยาวและชนิดอักขระของรหัสผ่าน (Boundary, REG-12 [ยืนยันกติกา]) | C23: 1. สมัครด้วย password ยาว 1 ตัวอักษร 2. ทำซ้ำด้วยรหัสผ่านยาว 100 ตัว และรหัสผ่านที่มีช่องว่าง/อักขระพิเศษ 3. ตรวจข้อความ validation แล้วลองล็อกอินด้วยค่าที่ตั้ง | D23: password = "a", ยาว 100 ตัว, "P@ss w0rd!ไทย" | E23: UI และ API ใช้กติกาความยาว/อักขระชุดเดียวกัน — ปัจจุบัน API รับทั้ง 1 และ 100 ตัวอักษร; ถ้ายังไม่ตกลงกติกาให้บันทึกค่าที่ API ยอมรับจริงและใช้ "ตรวจไม่ได้" | G23: รอทดสอบ
A24: TC_AUTH_022 | B24: username/email ตัวพิมพ์ใหญ่-เล็ก และช่องว่างหัวท้าย (Boundary, REG-13 [ยืนยันกติกา]) | C24: 1. สมัคร username "tee01" สำเร็จ 2. ล็อกอินด้วย "TEE01" และ " tee01 " 3. สมัครซ้ำด้วย username เดิมที่ต่างตัวพิมพ์หรือมีช่องว่าง | D24: username = "tee01", "TEE01", " tee01 " | E24: การตรวจซ้ำและการล็อกอินสอดคล้องกับนโยบายเดียวกัน และต้องไม่สร้างบัญชีซ้ำ — ปัจจุบันบน SQLite ได้ 401 ทั้งสองแบบ ต้องยืนยันซ้ำบน MySQL เพราะ collation ต่างกัน | G24: รอทดสอบ
A25: TC_AUTH_023 | B25: กดสมัครรัวหรือส่งคำขอสมัครเหมือนกันพร้อมกัน (Edge Case, REG-14) | C25: 1. กดปุ่มสมัครรัว ๆ 5 ครั้งบนฟอร์ม 2. ยิง POST /auth/register ด้วย payload เดียวกันพร้อมกัน 2 คำขอ 3. ตรวจจำนวนบัญชีที่ถูกสร้าง | D25: payload เดียวกัน 2–5 คำขอ (ฐานทดสอบ) | E25: สร้างบัญชีได้เพียงบัญชีเดียว คำขอที่เหลือได้ 400 "Username already exists" และไม่มีข้อมูลค้างบางส่วน — ปัจจุบันได้ 201 ทั้งคู่แต่ฐานข้อมูลมีบัญชีเดียว จึงต้องกำหนด contract การตอบคำขอซ้ำ | F25: API/MySQL: Expected values to be strictly deep-equal: + actual - expected [ 201, + 500 - 400 ] | G25: ไม่ผ่าน
A26: TC_AUTH_024 | B26: API สมัครล้มเหลวหรือเครือข่ายหลุดระหว่างส่งฟอร์ม (Edge Case, REG-15) | C26: 1. กรอกฟอร์มสมัครครบแล้วตัดการเชื่อมต่อหรือจำลองเซิร์ฟเวอร์ล้ม 2. กดปุ่มสมัคร 3. เปิดเครือข่ายกลับและกดลองใหม่ | D26: ตัดเครือข่าย / ตอบ 500 ระหว่างส่งฟอร์ม | E26: หน้าจอแจ้งข้อผิดพลาด ไม่รายงานว่าสมัครสำเร็จ ข้อมูลที่กรอกยังอยู่ในช่องให้แก้ไขได้ และกดลองใหม่แล้วได้บัญชีเดียว (frontend/src/app/register/page.tsx เก็บค่าใน state ไม่ล้างฟอร์ม) | G26: รอทดสอบ
A27: TC_AUTH_025 | B27: ส่ง username/password ที่ไม่ใช่ข้อความ (Negative, AUT-04) | C27: 1. ยิง POST /auth/login ด้วย username = "" และ password = "" 2. ทำซ้ำด้วย null, [] และ {} 3. ตรวจรหัสสถานะและข้อความตอบกลับ | D27: username/password = "", null, [], {} | E27: ทุกกรณีตอบ 401 พร้อมข้อความล็อกอินไม่สำเร็จแบบควบคุมได้ ไม่เกิด 500 และไม่คืน stack trace หรือรายละเอียดภายใน (เทียบกับ auth.service.validateUser) | F27: API/MySQL: Expected values to be strictly deep-equal: + actual - expected [ 401, + 500, + 500, 401, - 401, - 401 ] | G27: ไม่ผ่าน
A28: TC_AUTH_026 | B28: รีเฟรชหน้าหลังล็อกอินแล้ว token ยังใช้ได้ (Positive, AUT-06) | C28: 1. ล็อกอินด้วยบัญชีนักศึกษา 2. กด F5 ที่หน้า /dashboard 3. ตรวจว่ายังเป็นบัญชีเดิมและเรียก /bookings/me ได้ | D28: บัญชีนักศึกษาในฐานทดสอบ | E28: หลังรีเฟรชยังคงสถานะล็อกอิน สิทธิ์ STUDENT และข้อมูลเป็นของผู้ใช้เดิม เพราะ api.ts แนบ token จาก localStorage ให้ทุกคำขอ | F28: Browser/Chromium: refresh retains STUDENT and own dashboard | G28: ผ่าน
A29: TC_AUTH_027 | B29: มีหลายคำขอตอบ 401 พร้อมกัน ต้องพากลับ login ครั้งเดียว (Negative, AUT-10) | C29: 1. ล็อกอินแล้วทำให้ token หมดอายุ/ลบทิ้ง 2. เปิดหน้า /dashboard ที่ยิงหลาย API พร้อมกัน 3. สังเกตการเปลี่ยนหน้าและ console | D29: หน้า Dashboard ที่มี polling + /bookings/me + /users/me/ban-status | E29: ล้าง session และพากลับ /login เพียงครั้งเดียว ไม่มี redirect loop ไม่มีคำขอวนไม่สิ้นสุด และไม่เกิด error ซ้ำใน console จากเส้นทางที่จัดการแล้ว (api.ts ใช้ sessionErrors WeakSet กันการรายงานซ้ำ) | G29: รอทดสอบ
A30: TC_AUTH_028 | B30: token ยังถูกต้องแต่บัญชีถูกลบไปแล้ว (Negative, AUT-14) | C30: 1. ล็อกอินด้วยนักศึกษา A และเก็บ token 2. ให้ผู้ดูแลลบบัญชี A (หรือลบในฐานทดสอบ) 3. เรียก /bookings/me และเปิด /dashboard ด้วย token เดิม | D30: token ของบัญชีที่ถูกลบ | E30: API ต้องไม่คืนข้อมูลของบัญชีที่ถูกลบ (jwt.strategy ตรวจผู้ใช้จาก username ทุกครั้ง จึงควรปฏิเสธ) และ frontend ออกจาก session เดิมอย่างเหมาะสม ไม่ค้างที่หน้าเปล่าหรือข้อมูลเก่า | G30: รอทดสอบ
A31: TC_AUTH_029 | B31: ออกจากระบบในแท็บหนึ่ง ต้องใช้งานต่อด้วยบัญชีเดิมในอีกแท็บไม่ได้ (Edge Case, AUT-16) | C31: 1. เปิดระบบสองแท็บด้วยบัญชีเดียวกัน 2. กด logout ที่แท็บแรก 3. กลับมาใช้งานที่แท็บที่สอง (กดปุ่มที่ยิง API) | D31: Chrome 2 แท็บ, บัญชีนักศึกษาเดียวกัน | E31: แท็บที่สองไม่แสดงข้อมูลส่วนตัวต่อ เพราะ token ถูกลบแล้ว คำขอถัดไปได้ 401 และถูกพากลับ /login | G31: รอทดสอบ
A32: TC_AUTH_030 | B32: localStorage ไม่มี user / JSON เสีย / token เป็นข้อความ null (Edge Case, AUT-17) | C32: 1. ตั้งค่า localStorage token = "null" และ user = "{broken" 2. เปิดหน้า /dashboard และ /booking 3. สังเกตหน้าจอและ console | D32: token = "null", user = "{broken" หรือไม่มี key user | E32: เว็บไม่ crash และไม่เกิดหน้าขาว จัดการเป็นยังไม่ล็อกอินและพาไป /login ได้ (จุดที่ parse user คือ MainLayout.tsx และ admin/users/page.tsx) | F32: Browser/Chromium รอบเพิ่ม: /dashboard with broken JSON landed at http://localhost:3001/dashboard, body=error Something went wrong! SyntaxError: Expected property name or '}' in JSON at position 1 (line 1 column 2) SyntaxE + actual - expected + '/dashboard' - '/login' หลักฐาน: testing/evidence/qa_remaining_ui_results.json | G32: ไม่ผ่าน
A33: TC_AUTH_031 | B33: เบราว์เซอร์ไม่อนุญาตให้ใช้ localStorage (Edge Case, AUT-18) | C33: 1. บล็อก localStorage ในเบราว์เซอร์ (ให้การเรียก localStorage โยน exception) 2. เปิด /login และกดเข้าสู่ระบบ 3. สังเกตพฤติกรรมหน้าจอ | D33: เบราว์เซอร์ที่ localStorage ใช้งานไม่ได้ | E33: ระบบมี fallback หรือแจ้งปัญหาให้ผู้ใช้เข้าใจ ไม่ค้างที่สถานะกำลังโหลด และไม่เข้าสู่ระบบแบบครึ่ง ๆ ที่ใช้งานต่อไม่ได้ | G33: รอทดสอบ
A34: TC_AUTH_032 | B34: เปลี่ยนบัญชี A เป็น B ในเบราว์เซอร์เดียวกัน (Edge Case, AUT-19) | C34: 1. ล็อกอินบัญชี A จองคอร์ตแล้วเปิดกระดิ่งดูรายการ 2. ออกจากระบบและล็อกอินบัญชี B 3. เปิด /dashboard และกระดิ่งของ B | D34: บัญชี A และ B ที่มีข้อมูลต่างกัน | E34: B เห็นเฉพาะรายการของ B ทั้งจาก /bookings/me และ /bookings/user-notifications (backend กรองด้วย stu_id จาก token) และไม่มีสถานะแบนหรือรายการของ A ค้างอยู่ | G34: รอทดสอบ

Sheet 02_REQ-BOOK
A1: REQ-BOOK: การจองคอร์ด วันต่อวัน โควตารายวัน และการทับซ้อนของเวลา
A2: Test Case ID | B2: Test Scenario | C2: Test Steps | D2: Test Data | E2: Expected Result | F2: Actual Result | G2: Status
A3: TC_BOOK_001 | B3: จองคอร์ดสำเร็จ (Positive) | C3: 1. เข้าสู่ระบบด้วยบัญชีนักเรียน 2. เปิดหน้า /booking เลือกคอร์ตและรอบเวลา 18:00 3. กดปุ่มจอง แล้วยืนยันในหน้าต่างยืนยันการจอง | D3: court=1, วันที่=วันนี้, startTime=18:00 | E3: ระบบบันทึกการจองสำเร็จ แสดงข้อความ "จองคอร์ทสำเร็จ" และมีรายการใหม่สถานะ PENDING เวลา 18:00-19:00 | F3: Browser/Chromium + MySQL QA: ยืนยันใน dialog สำเร็จ, toast “จองคอร์ทสำเร็จ”; DB บันทึก 18:00-19:00 สถานะ PENDING. หลักฐาน: qa_book_api_results.json; qa_book_ui_results.json; qa_book_ui_recheck_results.json; qa_book_ui_TC_BOOK_017_TC_BOOK_018_TC_BOOK_019.json; qa_book_ui_TC_BOOK_027_TC_BOOK_028.json; qa_book_ui_TC_BOOK_035.json; qa_book_ui_TC_BOOK_041.json; qa_book_time_results.json | G3: ผ่าน
A4: TC_BOOK_002 | B4: ข้อมูลในหน้าต่างยืนยันการจองครบถ้วน (Positive, U04) | C4: 1. เลือกคอร์ตและรอบเวลา แล้วเปิดหน้าต่างยืนยันการจอง 2. ตรวจข้อความในหน้าต่างก่อนกดยืนยัน | D4: court=2, รอบเวลา 20:00 | E4: หน้าต่างยืนยันแสดง วันที่ของวันนี้ เดือน คอร์ต เวลา และชื่อผู้จอง ครบทุกช่อง ตามข้อกำหนด U04 | F4: Browser/Chromium: dialog แสดง วันที่/เดือน/คอร์ท/เวลา/ชื่อผู้จอง ครบ: 28 | กันยายน | Court 2 | 20:00-21:00 | ชื่อบัญชี QA. หลักฐาน: qa_book_api_results.json; qa_book_ui_results.json; qa_book_ui_recheck_results.json; qa_book_ui_TC_BOOK_017_TC_BOOK_018_TC_BOOK_019.json; qa_book_ui_TC_BOOK_027_TC_BOOK_028.json; qa_book_ui_TC_BOOK_035.json; qa_book_ui_TC_BOOK_041.json; qa_book_time_results.json | G4: ผ่าน
A5: TC_BOOK_003 | B5: ชื่อปุ่มยืนยันการจองตามข้อกำหนด U04 (Positive, U04) | C5: 1. เปิดหน้าต่างยืนยันการจอง 2. อ่านชื่อปุ่มยืนยัน | D5: court=2, รอบเวลา 20:00 | E5: ปุ่มยืนยันใช้ข้อความ "จองคอร์ต" ตามข้อกำหนด U04 (ไม่ใช่ "ยืนยันจองคอร์ต") | F5: Browser/Chromium: ปุ่มจริงคือ “ยืนยันจองคอร์ท” ไม่ใช่ข้อความที่ Expected Result กำหนดว่า “จองคอร์ต”. หลักฐาน: qa_book_api_results.json; qa_book_ui_results.json; qa_book_ui_recheck_results.json; qa_book_ui_TC_BOOK_017_TC_BOOK_018_TC_BOOK_019.json; qa_book_ui_TC_BOOK_027_TC_BOOK_028.json; qa_book_ui_TC_BOOK_035.json; qa_book_ui_TC_BOOK_041.json; qa_book_time_results.json | G5: ไม่ผ่าน
A6: TC_BOOK_004 | B6: กดจองโดยยังไม่เลือกรอบเวลา (Negative) | C6: 1. เปิดหน้า /booking 2. ไม่เลือกรอบเวลาใด ๆ 3. กดปุ่มดำเนินการต่อ | D6: ไม่มีการเลือก time slot | E6: ระบบไม่ส่งคำขอ และแสดงข้อความเตือน "กรุณาเลือกรอบเวลาก่อนทำรายการ" | F6: Browser/Chromium รอบเพิ่ม: ปุ่มดำเนินการจองต่อถูกปิดใช้งาน จึงกดเพื่อแสดงข้อความเตือนตาม Expected Result ไม่ได้ true !== false หลักฐาน: testing/evidence/qa_remaining_ui_results.json | G6: ไม่ผ่าน
A7: TC_BOOK_005 | B7: จองวันอื่นนอกจากวันนี้ผ่าน API โดยตรง (Negative, S01) | C7: 1. ใช้ token ของนักเรียนยิง POST /bookings 2. กำหนด date เป็นวันพรุ่งนี้ 3. ตรวจผลลัพธ์ | D7: date=พรุ่งนี้, court=1, startTime=10:00 | E7: ระบบตอบกลับ 400 พร้อมข้อความ "Day-by-day policy: You can only book courts for today." และไม่บันทึกข้อมูล | F7: API/MySQL QA: วันพรุ่งนี้ตอบ 400 ข้อความ day-by-day policy; จำนวนแถว DB 0→0. หลักฐาน: qa_book_api_results.json; qa_book_ui_results.json; qa_book_ui_recheck_results.json; qa_book_ui_TC_BOOK_017_TC_BOOK_018_TC_BOOK_019.json; qa_book_ui_TC_BOOK_027_TC_BOOK_028.json; qa_book_ui_TC_BOOK_035.json; qa_book_ui_TC_BOOK_041.json; qa_book_time_results.json | G7: ผ่าน
A8: TC_BOOK_006 | B8: หน้าจองไม่มีตัวเลือกวันล่วงหน้า (Positive, U02) | C8: 1. เปิดหน้า /booking 2. ตรวจช่องวันที่และตัวเลือกวันที่ 3. กดที่ช่องวันที่ | D8: เปิดหน้า /booking ปกติ | E8: แสดงคำว่า "วันที่" พร้อมวันของวันนี้เท่านั้น ไม่มีช่องให้เลือกวันล่วงหน้าและไม่สามารถแก้เป็นวันอื่นได้ | F8: Browser/Chromium: แสดงวันนี้และคำว่า วันที่; ไม่มี input[type=date] หรือ dropdown ให้เลือกวันอื่น. หลักฐาน: qa_book_api_results.json; qa_book_ui_results.json; qa_book_ui_recheck_results.json; qa_book_ui_TC_BOOK_017_TC_BOOK_018_TC_BOOK_019.json; qa_book_ui_TC_BOOK_027_TC_BOOK_028.json; qa_book_ui_TC_BOOK_035.json; qa_book_ui_TC_BOOK_041.json; qa_book_time_results.json | G8: ผ่าน
A9: TC_BOOK_007 | B9: แสดงเดือนปัจจุบันโดยไม่มี dropdown เลือกเดือน (Positive, U03) | C9: 1. เปิดหน้า /booking 2. ตรวจส่วนแสดงเดือน 3. พยายามกดเลือกเดือน | D9: เปิดหน้า /booking ปกติ | E9: แสดงชื่อเดือนของวันนี้และไม่มี dropdown ให้เปลี่ยนเดือน | F9: Browser/Chromium: current month displayed, no select element | G9: ผ่าน
A10: TC_BOOK_008 | B10: ใช้โควตาวันละ 1 ครั้ง จองรอบที่สองไม่ได้ (Negative, S01) | C10: 1. จองคอร์ต 1 รอบ 18:00 สำเร็จ 2. เลือกคอร์ต 2 รอบ 20:00 แล้วกดจอง 3. ตรวจผลลัพธ์ | D10: ผู้ใช้คนเดิม, court=2, startTime=20:00 | E10: ระบบตอบกลับ 400 พร้อมข้อความ "You already have an active booking. Please complete or cancel it first." และไม่มีการจองใหม่ | F10: API/MySQL: 400 quota | G10: ผ่าน
A11: TC_BOOK_009 | B11: โควตายังถูกนับแม้การจองก่อนหน้าจะ COMPLETED (Boundary, S01) | C11: 1. จองรอบ 08:00 และเช็กอินให้สำเร็จ 2. รอให้ cron เปลี่ยนสถานะเป็น COMPLETED 3. พยายามจองรอบ 20:00 | D11: ผู้ใช้คนเดิม, court=2, startTime=20:00 | E11: ระบบปฏิเสธการจองใหม่ เพราะ COMPLETED ของวันนี้ยังนับเป็นโควตาวันนี้ 1 ครั้ง | F11: Service/API + MySQL QA: เปลี่ยน fixture เป็น COMPLETED แล้วการจองที่ 2 ตอบ 400 และ DB เหลือ 1 แถว; ยังไม่ได้ทำ lifecycle จอง→check-in→cron COMPLETED ครบจริง. หลักฐาน: qa_book_api_results.json; qa_book_ui_results.json; qa_book_ui_recheck_results.json; qa_book_ui_TC_BOOK_017_TC_BOOK_018_TC_BOOK_019.json; qa_book_ui_TC_BOOK_027_TC_BOOK_028.json; qa_book_ui_TC_BOOK_035.json; qa_book_ui_TC_BOOK_041.json; qa_book_time_results.json | G11: ตรวจไม่ได้
A12: TC_BOOK_010 | B12: จองคอร์ตเดียวกันเวลาทับซ้อนกันพอดี (Negative, S01) | C12: 1. ผู้ใช้ A จองคอร์ต 1 เวลา 18:00 สำเร็จ 2. ผู้ใช้ B พยายามจองคอร์ต 1 เวลา 18:00 3. ตรวจผลลัพธ์ | D12: court=1, startTime=18:00 (ผู้ใช้ต่างคน) | E12: ระบบตอบกลับ 400 พร้อมข้อความ "This court is already booked at this time." | F12: API/MySQL: different user, same court/slot 400 | G12: ผ่าน
A13: TC_BOOK_011 | B13: จองคอร์ตเดียวกันเวลาทับซ้อนบางส่วน (Negative, S01) | C13: 1. ผู้ใช้ A จองคอร์ต 1 เวลา 18:00-19:00 2. ผู้ใช้ B พยายามจองคอร์ต 1 เวลา 18:30 3. ตรวจผลลัพธ์ | D13: court=1, startTime=18:30 | E13: ระบบปฏิเสธ 400 เพราะช่วงเวลา 18:30-19:30 ทับซ้อนกับ 18:00-19:00 (ตรวจแบบช่วงเวลาทับซ้อน ไม่ใช่เทียบเวลาเริ่มเท่ากัน) | F13: API/MySQL QA: startTime=18:30 ตอบ 400 “Invalid booking start time.” ตั้งแต่ validation จึงไม่ได้พิสูจน์การชนแบบช่วงเวลา 18:30-19:30 ตาม Expected Result. หลักฐาน: qa_book_api_results.json; qa_book_ui_results.json; qa_book_ui_recheck_results.json; qa_book_ui_TC_BOOK_017_TC_BOOK_018_TC_BOOK_019.json; qa_book_ui_TC_BOOK_027_TC_BOOK_028.json; qa_book_ui_TC_BOOK_035.json; qa_book_ui_TC_BOOK_041.json; qa_book_time_results.json | G13: ไม่ผ่าน
... A38: TC_BOOK_036 | B38: availability โหลดช้า ล้มเหลว หรือได้ข้อมูลว่างผิดปกติ (Negative, AVA-16) | C38: 1. หน่วงหรือทำให้ GET /courts/availability ตอบ 500 2. เปิดหน้าเลือกคอร์ต 3. เปิดเครือข่ายกลับแล้วกดลองใหม่ | D38: ตอบ 500 / หน่วง 10 วินาที / คืนรายการว่าง | E38: หน้าแสดงสถานะกำลังโหลดหรือข้อผิดพลาดที่อ่านเข้าใจ พร้อมปุ่มลองใหม่ และต้องไม่แสดงว่าทุกสนามว่างจนผู้ใช้กดจองแล้วถูกปฏิเสธ (select-court ต้องมี error state และปุ่มโหลดใหม่) | F38: Browser/Chromium จำลอง availability HTTP 500: UI แสดง toast “Failed to load courts” แต่หน้าแสดง 0 คอร์ทพร้อมใช้และไม่มีปุ่มลองใหม่ จึงไม่ผ่าน. หลักฐาน: qa_book_api_results.json; qa_book_ui_results.json; qa_book_ui_recheck_results.json; qa_book_ui_TC_BOOK_017_TC_BOOK_018_TC_BOOK_019.json; qa_book_ui_TC_BOOK_027_TC_BOOK_028.json; qa_book_ui_TC_BOOK_035.json; qa_book_ui_TC_BOOK_041.json; qa_book_time_results.json | G38: ไม่ผ่าน
A39: TC_BOOK_037 | B39: ย้อนหน้าหรือเปลี่ยน query ระหว่างที่คำขอยังไม่กลับมา (Edge Case, AVA-17) | C39: 1. เปิดรอบ 18:00 แล้วเปลี่ยนเป็นรอบ 20:00 ทันที (หรือกดย้อนกลับ) 2. ปล่อยให้คำขอแรกกลับมาช้ากว่าคำขอที่สอง 3. ตรวจรายการคอร์ตที่แสดง | D39: เปลี่ยนจาก 18:00 → 20:00 ภายใน 1 วินาที | E39: หน้าจอแสดงข้อมูลของรอบ 20:00 (คำขอล่าสุด) ไม่ถูกคำขอเก่าทับข้อมูล และไม่จองผิดรอบ | G39: รอทดสอบ
A40: TC_BOOK_038 | B40: ปิด dialog ยืนยันการจองโดยไม่กดยืนยัน (Negative, BKG-02) | C40: 1. เลือกคอร์ตและรอบเวลาให้ dialog ยืนยันเปิดขึ้น 2. กดยกเลิกหรือปิด dialog 3. ตรวจจำนวนรายการจองของผู้ใช้ | D40: Court 1 รอบ 18:00 (ไม่กดยืนยัน) | E40: ไม่มีคำขอ POST /bookings ถูกส่ง ไม่มีรายการใหม่ใน /bookings/me และโควตาของวันนี้ยังว่างอยู่ | F40: Browser/Chromium: ปิด dialog ด้วย “กลับไปเลือก”; POST=0, Booking 0→0, /bookings/me ว่าง และ Court 1 ยังเลือกได้. หลักฐาน: qa_book_api_results.json; qa_book_ui_results.json; qa_book_ui_recheck_results.json; qa_book_ui_TC_BOOK_017_TC_BOOK_018_TC_BOOK_019.json; qa_book_ui_TC_BOOK_027_TC_BOOK_028.json; qa_book_ui_TC_BOOK_035.json; qa_book_ui_TC_BOOK_041.json; qa_book_time_results.json | G40: ผ่าน
A41: TC_BOOK_039 | B41: การจองของวันก่อนไม่กินโควตาวันนี้ (Positive, BKG-08) | C41: 1. เตรียม fixture การจองของเมื่อวาน (PENDING หรือ COMPLETED) ของผู้ใช้ A 2. วันนี้ผู้ใช้ A จองคอร์ตใหม่ 3. ตรวจผลลัพธ์ | D41: ผู้ใช้ A มีการจองเมื่อวาน 1 รายการ, วันนี้ court=3 รอบ 09:00 | E41: จองสำเร็จ 201 เพราะโควตานับเฉพาะรายการที่ booking_date = วันนี้ (การจองของเมื่อวานไม่ถูกนับ) | F41: API/MySQL QA: มี COMPLETED เมื่อวาน แล้ววันนี้จอง Court 3 เวลา 18:00 ได้ 201. หลักฐาน: qa_book_api_results.json; qa_book_ui_results.json; qa_book_ui_recheck_results.json; qa_book_ui_TC_BOOK_017_TC_BOOK_018_TC_BOOK_019.json; qa_book_ui_TC_BOOK_027_TC_BOOK_028.json; qa_book_ui_TC_BOOK_035.json; qa_book_ui_TC_BOOK_041.json; qa_book_time_results.json | G41: ผ่าน
A42: TC_BOOK_040 | B42: ไม่ส่ง date/courtId/startTime หรือส่งชนิดข้อมูลผิด (Negative, BKG-15) | C42: 1. ยิง POST /bookings โดยไม่ส่ง field ทีละช่อง 2. ทำซ้ำด้วย courtId = "abc" และ startTime = 1800 (number) 3. ตรวจรหัสสถานะและข้อความตอบกลับ | D42: ไม่ส่ง field / courtId = "abc" / startTime = 1800 | E42: ได้ controlled 4xx ไม่ใช่ 500 ไม่มีรายการถูกสร้าง และข้อความไม่เปิดเผย stack trace (จุดตรวจคือ regex startTime และการเทียบช่วงเวลาใน bookings.service.ts) | F42: API/MySQL: statuses 500,500,400; booking rows 0 | G42: ไม่ผ่าน
A43: TC_BOOK_041 | B43: เซิร์ฟเวอร์บันทึกสำเร็จแต่ client timeout แล้วลองใหม่ (Edge Case, BKG-17) | C43: 1. ตั้ง timeout ฝั่ง client สั้นมากแล้วยิงจอง 2. ปล่อยให้เซิร์ฟเวอร์บันทึกสำเร็จแต่ client ไม่ได้รับคำตอบ 3. ตรวจ /bookings/me แล้วกดจองซ้ำ | D43: คำขอจองเดียวกัน (court=1, 21:00) | E43: มีรายการจองเพียง 1 รายการในฐานข้อมูล คำขอซ้ำได้ 400 เรื่องโควตารายวัน และผู้ใช้ตรวจพบรายการที่สำเร็จไปแล้วได้จาก /bookings/me | F43: Browser proxy: server commit POST 201 แล้วตัด response ให้ client timeout; UI แจ้ง error, /bookings/me พบ 1 รายการ; retry ตอบ 400 quota; DB มี 1 แถว. หลักฐาน: qa_book_api_results.json; qa_book_ui_results.json; qa_book_ui_recheck_results.json; qa_book_ui_TC_BOOK_017_TC_BOOK_018_TC_BOOK_019.json; qa_book_ui_TC_BOOK_027_TC_BOOK_028.json; qa_book_ui_TC_BOOK_035.json; qa_book_ui_TC_BOOK_041.json; qa_book_time_results.json | G43: ผ่าน
A44: TC_BOOK_042 | B44: transaction ล้มเหลวระหว่างบันทึกการจอง (Edge Case, BKG-18) | C44: 1. จำลองให้การบันทึกล้มกลางทางใน transaction 2. เรียก POST /bookings อีกครั้ง 3. ตรวจว่ามีรายการบางส่วนหรือ lock ค้างหรือไม่ | D44: จำลอง error ระหว่าง transaction (SERIALIZABLE) | E44: ไม่มีรายการจองบางส่วนถูกบันทึก ไม่มี lock ค้างในฐานข้อมูล และคำขอถัดไปทำงานได้ตามปกติ | F44: Mocked transaction + MySQL QA: error ก่อน callback ไม่ทิ้งแถว; คำขอถัดไปบันทึกสำเร็จและไม่พบ lock ค้าง. หลักฐาน: qa_book_api_results.json; qa_book_ui_results.json; qa_book_ui_recheck_results.json; qa_book_ui_TC_BOOK_017_TC_BOOK_018_TC_BOOK_019.json; qa_book_ui_TC_BOOK_027_TC_BOOK_028.json; qa_book_ui_TC_BOOK_035.json; qa_book_ui_TC_BOOK_041.json; qa_book_time_results.json | G44: ผ่าน

Sheet 03_REQ-CANCEL
A1: REQ-CANCEL: การยกเลิกการจองและเส้นตาย 15 นาที
A2: Test Case ID | B2: Test Scenario | C2: Test Steps | D2: Test Data | E2: Expected Result | F2: Actual Result | G2: Status
A3: TC_CANC_001 | B3: ยกเลิกการจองก่อนเส้นตายสำเร็จ (Positive) | C3: 1. จองคอร์ต 1 เวลา 18:00 2. เวลา 18:10 เปิดการจองแล้วกดยกเลิก พร้อมยืนยัน 3. ตรวจสถานะและจำนวนความผิด | D3: booking 18:00, ยกเลิก 18:10 | E3: สถานะเปลี่ยนเป็น CANCELLED แสดงข้อความ "ยกเลิกการจองสำเร็จ" และจำนวนความผิด (strikes) ของผู้ใช้ยังเป็น 0 | G3: รอทดสอบ
A4: TC_CANC_002 | B4: ยกเลิกที่ 18:14:59 ยังไม่นับเป็นความผิด (Boundary) | C4: 1. จองคอร์ต 1 เวลา 18:00 2. ตั้งเวลาเครื่อง/จำลองเวลาเป็น 18:14:59 แล้วกดยกเลิก 3. ตรวจ strikes ในฐานข้อมูล | D4: booking 18:00, ยกเลิก 18:14:59 | E4: การยกเลิกสำเร็จ และ strikes ยังเป็น 0 (ไม่นับเป็นความผิด) | F4: TypeORM/MySQL mocked time: 18:14:59 CANCELLED, strikes=0; only service/cron path, not physical UI | G4: ตรวจไม่ได้
A5: TC_CANC_003 | B5: ยกเลิกที่ 18:15:00 นับเป็นความผิด 1 ครั้ง (Boundary) | C5: 1. จองคอร์ต 1 เวลา 18:00 2. จำลองเวลาเป็น 18:15:00 แล้วกดยกเลิก 3. ตรวจ strikes ในฐานข้อมูล | D5: booking 18:00 (deadline 18:15 ≤ เวลาสิ้นสุดรอบ 19:00), ยกเลิก 18:15:00 | E5: การจองถูกยกเลิกและ strikes เพิ่มเป็น 1 (นับเป็นการยกเลิกสาย 1 ครั้ง) และผู้ใช้ยังไม่ถูกแบน — กติกา dev: นับ strike เฉพาะเมื่อ deadline ไม่เกินเวลาสิ้นสุดรอบ | F5: TypeORM/MySQL mocked time: 18:15:00 CANCELLED, strikes=1, no ban; only service/cron path, not physical UI | G5: ตรวจไม่ได้
A6: TC_CANC_004 | B6: ยกเลิกสายครั้งที่สองแล้วถูกแบนทันที (Positive) | C6: 1. ทำให้เกิดความผิดครั้งที่ 1 จากการยกเลิกสาย 2. ทำให้เกิดความผิดครั้งที่ 2 จากการยกเลิกสายรายการอื่น 3. ตรวจ banned_until ในฐานข้อมูล | D6: ผู้ใช้ 66010001 มี strikes = 1 อยู่ก่อน | E6: ครั้งที่สอง strikes = 2 และ banned_until = เวลาที่เกิดความผิดครั้งที่สอง + 24 ชั่วโมง (86,400,000 มิลลิวินาที) | F6: TypeORM/MySQL mocked time: second late cancel: strikes=2, ban exactly +24h; only service/cron path, not physical UI | G6: ตรวจไม่ได้
A7: TC_CANC_005 | B7: ยกเลิกการจองที่เช็กอินแล้ว (Negative) | C7: 1. จองและเช็กอินสำเร็จ (status = CHECKED_IN) 2. กดยกเลิกการจองรายการนั้น 3. ตรวจผลลัพธ์ | D7: booking ที่มีสถานะ CHECKED_IN | E7: ระบบตอบกลับ 400 พร้อมข้อความ "Cannot cancel. Status is currently CHECKED_IN" และสถานะไม่เปลี่ยน | F7: API/MySQL round 2: HTTP 400, CHECKED_IN unchanged | G7: ผ่าน
A8: TC_CANC_006 | B8: ยกเลิกการจองที่ถูกยกเลิกไปแล้ว (Negative) | C8: 1. ยกเลิกการจองรายการหนึ่งสำเร็จ 2. กดยกเลิกรายการเดิมซ้ำอีกครั้ง 3. ตรวจผลลัพธ์และจำนวนความผิด | D8: booking ที่มีสถานะ CANCELLED | E8: ระบบตอบกลับ 400 พร้อมข้อความ "Cannot cancel. Status is currently CANCELLED" และ strikes ไม่เพิ่มขึ้น | F8: API/MySQL: 400 repeated cancellation | G8: ผ่าน
A9: TC_CANC_007 | B9: ยกเลิกการจองของผู้อื่น (Negative, Security) | C9: 1. เข้าสู่ระบบด้วยบัญชี B 2. เรียก POST /bookings/{id}/cancel ด้วย id ของการจองของบัญชี A 3. ตรวจผลลัพธ์ | D9: booking id ของผู้ใช้ A | E9: ระบบตอบกลับ 404 "Booking not found" และการจองของผู้ใช้ A ยังเป็น PENDING (ไม่ถูกยกเลิก) | F9: API/MySQL: other owner receives 404; booking remains PENDING | G9: ผ่าน
A10: TC_CANC_008 | B10: ยกเลิกด้วยรหัสการจองที่ไม่มีในระบบ (Negative) | C10: 1. เรียก POST /bookings/999999/cancel 2. ตรวจผลลัพธ์ | D10: booking id = 999999 | E10: ระบบตอบกลับ 404 และไม่มีการเปลี่ยนแปลงข้อมูล | F10: API/MySQL: 404 nonexistent booking | G10: ผ่าน
A11: TC_CANC_009 | B11: ยกเลิกทันเวลาแล้วจองใหม่ในวันเดิมได้ (Positive, S01) | C11: 1. จองคอร์ต 1 เวลา 18:00 2. ยกเลิกก่อนเส้นตาย (เช่น 18:10) 3. จองคอร์ต 2 เวลา 20:00 ในวันเดิมอีกครั้ง | D11: court=2, startTime=20:00 | E11: ระบบบันทึกการจองใหม่สำเร็จ (201) เพราะยกเลิกทันเวลาแล้วคืนโควตาของวันนั้น | F11: API/MySQL: 201 rebook after timely cancel | G11: ผ่าน
A12: TC_CANC_010 | B12: ตรวจรายการหลังยกเลิกผ่าน API ของผู้ใช้ (Positive) | C12: 1. ยกเลิกการจองสำเร็จ 2. เรียก GET /bookings/me 3. ตรวจรายการที่ได้ | D12: บัญชีผู้ใช้ที่ทำการยกเลิก | E12: รายการเดิมปรากฏสถานะ CANCELLED และไม่ถูกนับเป็นรายการที่ยังใช้งานอยู่ | F12: API/MySQL: cancelled booking visible in /bookings/me; remaining UI/subcases not exercised | G12: ตรวจไม่ได้
A13: TC_CANC_011 | B13: หน้าจอแสดงเงื่อนไขและเส้นตายการยกเลิกชัดเจน (Positive, U07) | C13: 1. เปิดหน้า /booking (หรือหน้ารายการจอง) 2. อ่านเงื่อนไข/เส้นตายการยกเลิกที่แสดงบนหน้าจอ | D13: เปิดหน้า /booking ปกติ | E13: หน้าจอแสดงเงื่อนไขการยกเลิกและเส้นตายอย่างชัดเจน เช่น ต้องยกเลิกก่อน 15 นาทีหลังเวลาเริ่ม และการยกเลิกสายนับเป็นความผิด 1 ครั้ง ตามข้อกำหนด U07 | G13: รอทดสอบ
A14: TC_CANC_012 | B14: หน้าต่างยืนยันการยกเลิกแสดงข้อมูลการจองครบ (Positive, U07) | C14: 1. กดยกเลิกที่รายการจอง 2. ตรวจหน้าต่างยืนยันก่อนกดยืนยันจริง | D14: รายการจองเวลา 18:00 คอร์ต 1 | E14: หน้าต่างยืนยันแสดงคอร์ต วันที่ เวลา และเงื่อนไข/เส้นตายที่เกี่ยวข้องก่อนให้ผู้ใช้ยืนยัน และยกเลิกได้จริงหลังยืนยัน | G14: รอทดสอบ
A15: TC_CANC_013 | B15: ยกเลิกรอบสั้นที่ deadline เลยเวลาจบรอบ ไม่นับ strike (Boundary, dev) | C15: 1. จองคอร์ต 1 รอบ 10:00 ตอนเวลา 10:50 (deadline 11:05 > เวลาจบรอบ 11:00) 2. ปล่อยเลยเวลาจบรอบแล้วให้ระบบอัตโนมัติจัดการ หรือกดยกเลิกเองหลัง 11:00 3. ตรวจสถานะและ strikes | D15: รอบ 10:00 ที่จองเวลา 10:50 | E15: รายการถูกยกเลิก (CANCELLED) โดยไม่เพิ่ม strike เพราะ deadline เกินเวลาสิ้นสุดรอบ (กติกา dev: รอบสั้นไม่ถูกลงโทษ) | F15: TypeORM/MySQL mocked time: short round end 11:00, no strike; only service/cron path, not physical UI | G15: ตรวจไม่ได้
A16: TC_CANC_014 | B16: ยกเลิกหลัง deadline แต่ก่อนงานอัตโนมัติทำงาน (Positive, dev) | C16: 1. จองคอร์ต 2 รอบ 10:00 2. จำลองเวลา 10:20 (เลย deadline 10:15 แต่ cron ยังไม่รัน) 3. กดยกเลิกและตรวจ strikes | D16: รอบ 10:00, ยกเลิกเวลา 10:20 | E16: สถานะเป็น CANCELLED และ strikes เพิ่มเป็น 1 (ผู้ใช้กดยกเลิกเองสาย จึงนับความผิดทันที ไม่รอ cron) | F16: TypeORM/MySQL mocked time: manual late cancel before cron, strikes=1; only service/cron path, not physical UI | G16: ตรวจไม่ได้
A17: TC_CANC_015 | B17: ยิงยกเลิกรายการเดียวกันพร้อมกันสองคำขอ (Concurrency) | C17: 1. จองคอร์ต 1 รอบ 18:00 ด้วยผู้ใช้ A 2. ยิง POST /bookings/{id}/cancel พร้อมกัน 2 คำขอ 3. ตรวจสถานะและจำนวน strikes | D17: คำขอยกเลิก 2 คำขอพร้อมกันในรายการเดียว | E17: ยกเลิกสำเร็จครั้งเดียว อีกคำขอถูกปฏิเสธอย่างเหมาะสม และ strikes เพิ่มไม่เกิน 1 ครั้ง (ไม่เกิดข้อผิดพลาด transaction) | F17: API/MySQL round 2: concurrent cancel 201/400; CANCELLED, strikes=0 | G17: ผ่าน
A18: TC_CANC_016 | B18: ยกเลิกล้มเหลวจากเครือข่าย หน้าจอต้องไม่รายงานว่าสำเร็จ (Edge Case) | C18: 1. จำลองให้คำขอยกเลิกล้มเหลว (ตัดเครือข่าย/ให้เซิร์ฟเวอร์ตอบ 500) 2. กดยกเลิกและยืนยัน 3. ตรวจข้อความบนหน้าจอ สถานะปุ่ม และสถานะจริงในฐานข้อมูล | D18: คำขอยกเลิกล้มเหลว 1 ครั้ง | E18: หน้าจอไม่แสดงว่ายกเลิกสำเร็จ สถานะการจองยังเป็น PENDING และผู้ใช้กดลองใหม่ได้หลังเครือข่ายกลับมา | G18: รอทดสอบ
A19: TC_CANC_017 | B19: เปิด dialog ยกเลิกแล้วไม่กดยืนยัน (Positive, CAN-01) | C19: 1. เปิด dialog ยกเลิกการจอง PENDING ของวันนี้ 2. กดยกเลิกหรือปิด dialog โดยไม่ยืนยัน 3. ตรวจสถานะรายการและจำนวน strikes ที่ /bookings/me | D19: booking PENDING รอบ 18:00 (ยังไม่ถึง deadline) | E19: รายการยังเป็น PENDING และ strikes ไม่เพิ่ม เพราะยังไม่มีการเรียก POST /bookings/{id}/cancel จนกว่าจะยืนยันใน dialog | G19: รอทดสอบ

Sheet 04_REQ-CHECKIN
A1: REQ-CHECKIN: การเช็กอินด้วย QR สถานะการจอง และ Countdown
A2: Test Case ID | B2: Test Scenario | C2: Test Steps | D2: Test Data | E2: Expected Result | F2: Actual Result | G2: Status
A3: TC_CHK_001 | B3: Admin แสดง QR ประจำคอร์ตบน Dashboard (Positive, A07) | C3: 1. เข้าสู่ระบบด้วยบัญชี Admin 2. เปิดหน้า /dashboard และเลือกคอร์ตที่ต้องการ 3. ตรวจว่าแสดง QR Code ของคอร์ตนั้น | D3: บัญชี Admin ที่ระบบ seed (admin / password ตาม users.service.ts) | E3: หน้าจอแสดง QR Code ของคอร์ตนั้นจริง และนำไปสแกนด้วยอุปกรณ์อื่นได้ โดยค่าใน QR คือหมายเลขคอร์ต | G3: รอทดสอบ
A4: TC_CHK_002 | B4: User สแกน QR และเช็กอินสำเร็จในเวลาที่อนุญาต (Positive, U06) | C4: 1. จองคอร์ต 2 เวลา 18:00 2. เปิดหน้า /scan แล้วสแกน QR ของคอร์ต 2 ภายใน 15 นาทีก่อนเวลาเริ่ม 3. ตรวจผลลัพธ์ | D4: court=2, สแกนเวลา 17:50 (ช่วงที่อนุญาต 17:45 ถึง 18:14:59) | E4: ระบบตอบกลับสำเร็จ แสดงข้อความ "Check-in successful! Enjoy your game." พาไปหน้า /dashboard และสถานะการจองเป็น CHECKED_IN (กติกา dev: เช็กอินได้ตั้งแต่ 15 นาทีก่อนเวลาเริ่มรอบ จนถึง deadline = max(เวลาเริ่มรอบ, เวลาสร้างการจอง) + 15 นาที) | G4: รอทดสอบ
A5: TC_CHK_003 | B5: สแกนเช็กอินเร็วเกิน 15 นาทีก่อนเวลาเริ่ม (Negative, Boundary) | C5: 1. จองคอร์ต 2 เวลา 18:00 2. สแกน QR ของคอร์ต 2 เวลา 17:44 3. ตรวจผลลัพธ์ | D5: court=2, สแกนเวลา 17:44 | E5: ระบบตอบกลับ 400 พร้อมข้อความ "You cannot check in more than 15 minutes before the booking time starts." และสถานะยังเป็น PENDING | F5: API/MySQL round 2: early check-in rejected before 14:00 (only part of workbook case exercised) | G5: ตรวจไม่ได้
A6: TC_CHK_004 | B6: สแกนที่เวลาขอบ 15 นาทีพอดียังเช็กอินได้ (Boundary) | C6: 1. จองคอร์ต 2 เวลา 18:00 2. สแกน QR ของคอร์ต 2 เวลา 17:45:00 พอดี 3. ตรวจผลลัพธ์ | D6: court=2, สแกนเวลา 17:45:00 | E6: ระบบยอมรับการเช็กอินที่ขอบเวลา 15 นาทีพอดี (17:45) และสถานะเปลี่ยนเป็น CHECKED_IN | F6: TypeORM/MySQL mocked time: 17:45:00 accepted; no camera scan; only service/cron path, not physical UI | G6: ตรวจไม่ได้
A7: TC_CHK_005 | B7: สแกน QR คอร์ตที่ไม่มีรายการจองของตนเอง (Negative) | C7: 1. จองคอร์ต 1 เวลา 18:00 2. เปิดหน้า /scan แล้วสแกน QR ของคอร์ต 3 3. ตรวจผลลัพธ์ | D7: court=3 | E7: ระบบแจ้งข้อความ "You do not have a pending booking for this court right now." และไม่เปลี่ยนสถานะใด ๆ | F7: API/MySQL round 2: API rejects mismatched court with 404; UI QR message not checked (only part of workbook case exercised) | G7: ตรวจไม่ได้
A8: TC_CHK_006 | B8: สแกน QR ที่ไม่ใช่หมายเลขคอร์ต (Negative) | C8: 1. เปิดหน้า /scan 2. สแกน QR ที่มีข้อความทั่วไปหรือลิงก์เว็บไซต์ (ไม่ใช่ตัวเลข) 3. ตรวจผลลัพธ์ | D8: QR ที่ decode ได้เป็นข้อความ "https://example.com" | E8: ระบบแจ้งข้อความ "Invalid QR Code. Please scan a valid court QR." และกลับมาโหมดสแกนตามปกติ | G8: รอทดสอบ
A9: TC_CHK_007 | B9: สแกน QR ของการจองที่ถูกยกเลิกแล้ว (Negative) | C9: 1. จองคอร์ต 2 เวลา 18:00 แล้วยกเลิกก่อนเวลา 2. สแกน QR ของคอร์ต 2 เวลา 17:55 3. ตรวจผลลัพธ์ | D9: court=2, สถานะ CANCELLED | E9: ระบบแจ้งว่าไม่มีรายการที่รอเช็กอินสำหรับคอร์ตนี้ และไม่เปลี่ยนสถานะเป็น CHECKED_IN | G9: รอทดสอบ
A10: TC_CHK_008 | B10: สแกนซ้ำหลังเช็กอินสำเร็จ (Edge Case) | C10: 1. สแกน QR เช็กอินสำเร็จแล้ว 2. ไม่ปิดหน้า สแกน QR ของคอร์ตเดิมซ้ำอีกครั้ง | D10: court=2, หลังเช็กอินสำเร็จ | E10: ระบบไม่ส่งคำขอเช็กอินซ้ำ (มีตัวกันการประมวลผลซ้ำ) และไม่เกิดข้อผิดพลาดบนหน้าจอ | G10: รอทดสอบ
A11: TC_CHK_009 | B11: Admin เห็นสถานะเปลี่ยนเป็น CHECKED_IN โดยไม่ต้องรีเฟรช (Positive, A08) | C11: 1. เปิดหน้า /dashboard ของ Admin ค้างไว้ 2. ให้ User สแกน QR เช็กอินสำเร็จ 3. สังเกตหน้าจอ Admin ภายใน 5-10 วินาที | D11: Admin dashboard + booking ของ User | E11: สถานะการจองบนหน้าจอ Admin เปลี่ยนเป็น CHECKED_IN เองโดยไม่ต้องกดรีเฟรช (มี polling ทุก 5 วินาที) | G11: รอทดสอบ
A12: TC_CHK_010 | B12: Countdown ของ Admin เริ่มหลังเช็กอิน (Positive, A08) | C12: 1. ให้ User เช็กอินสำเร็จ 2. ที่หน้าจอ Admin เลือกการจองนั้น 3. สังเกตตัวเลขนับถอยหลัง | D12: booking 18:00-19:00 | E12: หน้าจอ Admin แสดงสถานะใหม่พร้อมเวลานับถอยหลังไปจนถึงเวลาสิ้นสุดการจอง (time_out) และหยุดที่ 00:00 | G12: รอทดสอบ
A13: TC_CHK_011 | B13: Admin กดจบการใช้งานก่อนเวลา (Positive) | C13: 1. มีการจองสถานะ CHECKED_IN 2. กดปุ่มจบการใช้งานและยืนยันในกล่องยืนยัน 3. ตรวจสถานะ | D13: booking สถานะ CHECKED_IN | E13: สถานะเปลี่ยนเป็น COMPLETED และแสดงข้อความ "Booking finished successfully" | G13: รอทดสอบ
A14: TC_CHK_012 | B14: Admin กดจบการใช้งานกับการจองที่ยังไม่เช็กอิน (Negative) | C14: 1. มีการจองสถานะ PENDING 2. กดจบการใช้งานรายการนั้น 3. ตรวจผลลัพธ์ | D14: booking สถานะ PENDING | E14: ระบบตอบกลับ 400 พร้อมข้อความ "Cannot finish. Status is currently PENDING" และสถานะไม่เปลี่ยน | F14: API/MySQL round 2: HTTP 400, PENDING unchanged | G14: ผ่าน
A15: TC_CHK_013 | B15: การจบการใช้งานอัตโนมัติหลังครบ 1 ชั่วโมง (Positive) | C15: 1. จองคอร์ต 2 เวลา 18:00 และเช็กอินสำเร็จ 2. รอจนเวลาเกิน 19:00 ให้ cron ทำงาน 3. ตรวจสถานะ | D15: booking 18:00 ที่เช็กอินแล้ว | E15: ระบบเปลี่ยนสถานะเป็น COMPLETED อัตโนมัติโดยไม่ต้องมีผู้ใช้กดอะไร (งานตามเวลาทำงานได้แม้ไม่มีใครเปิดหน้าเว็บ) | G15: รอทดสอบ
A16: TC_CHK_014 | B16: ผู้ใช้ปฏิเสธสิทธิ์การใช้กล้อง (Edge Case) | C16: 1. เปิดหน้า /scan 2. กด Block เมื่อเบราว์เซอร์ขออนุญาตใช้กล้อง 3. สังเกตหน้าจอ | D16: เบราว์เซอร์ปฏิเสธสิทธิ์กล้อง | E16: หน้าจอแสดงข้อความแนะนำให้อนุญาตสิทธิ์กล้องหรือใช้ช่องทางสำรอง และหน้าเว็บไม่ค้าง | G16: รอทดสอบ
A17: TC_CHK_015 | B17: เช็กอินตรง deadline พอดีต้องถูกปฏิเสธ (Boundary, dev) | C17: 1. จองคอร์ต 2 รอบ 10:00 (deadline 10:15) 2. จำลองเวลา 10:15:00 แล้วสแกนเช็กอิน 3. ตรวจรหัสสถานะและผลในฐานข้อมูล | D17: court=2, รอบ 10:00, สแกนเวลา 10:15:00 | E17: ระบบตอบกลับ 400 พร้อมข้อความ "The check-in period has ended." และสถานะยังเป็น PENDING แม้ cron จะยังไม่เปลี่ยนสถานะ | F17: TypeORM/MySQL mocked time: 400 The check-in period has ended.; remains PENDING; only service/cron path, not physical UI | G17: ตรวจไม่ได้
A18: TC_CHK_016 | B18: เช็กอินที่ 10:14:59 ต้องสำเร็จ (Boundary, dev) | C18: 1. จองคอร์ต 2 รอบ 10:00 2. จำลองเวลา 10:14:59 แล้วสแกนเช็กอิน 3. ตรวจสถานะ | D18: court=2, รอบ 10:00, สแกนเวลา 10:14:59 | E18: ระบบยอมรับและเปลี่ยนสถานะเป็น CHECKED_IN (ช่วงเวลาเดียวกันกับ TC_CHK_015 แต่ต่างกัน 1 วินาที) | F18: TypeORM/MySQL mocked time: 10:14:59 CHECKED_IN; only service/cron path, not physical UI | G18: ตรวจไม่ได้
A19: TC_CHK_017 | B19: เช็กอินเมื่อจองกลางรอบ ใช้ created_at คิด deadline (Boundary, dev) | C19: 1. จองคอร์ต 3 รอบ 10:00 ตอนเวลา 10:30 (created_at = 10:30, deadline = 10:45) 2. ทดสอบเช็กอินที่ 10:44:59 แล้วทดสอบซ้ำที่ 10:45:00 ใน fixture แยก 3. ตรวจผลลัพธ์ทั้งสองครั้ง | D19: รอบ 10:00 ที่จองเวลา 10:30 | E19: 10:44:59 เช็กอินสำเร็จ แต่ 10:45:00 ถูกปฏิเสธ เพราะ deadline คิดจาก max(เวลาเริ่มรอบ, เวลาสร้างการจอง) + 15 นาที | F19: TypeORM/MySQL mocked time: 10:44:59 accepted; 10:45:00 400 The check-in period has ended.; only service/cron path, not physical UI | G19: ตรวจไม่ได้
A20: TC_CHK_018 | B20: รอบที่จบก่อน deadline: เช็กอินได้จนถึงเวลาสิ้นสุดรอบ (Boundary, dev) | C20: 1. จองคอร์ต 1 รอบ 10:00 ตอนเวลา 10:50 (deadline = 11:05 ซึ่งเลยเวลาจบรอบ 11:00) 2. ทดสอบเช็กอินที่ 10:59:59 แล้วทดสอบที่ 11:00:00 ใน fixture แยก 3. ตรวจผลลัพธ์ทั้งสองครั้ง | D20: รอบ 10:00 ที่จองเวลา 10:50 | E20: 10:59:59 เช็กอินสำเร็จ แต่ 11:00:00 ถูกปฏิเสธ เพราะเวลาสิ้นสุดรอบมาเร็วกว่า deadline | F20: TypeORM/MySQL mocked time: 10:59:59 accepted; 11:00:00 400 The check-in period has ended.; only service/cron path, not physical UI | G20: ตรวจไม่ได้
A21: TC_CHK_019 | B21: ข้อมูลเก่าที่ไม่มี created_at ยังคิด deadline จากเวลาเริ่มรอบ (Edge Case, dev) | C21: 1. เตรียมรายการจองเก่า (created_at = null) รอบ 10:00 2. ทดสอบเช็กอินที่ 10:14:59 และ 10:15:00 3. ตรวจผลลัพธ์และค่าที่บันทึก | D21: booking เก่า created_at = null, รอบ 10:00 | E21: ใช้ deadline 10:15 (เวลาเริ่มรอบ + 15 นาที) โดยไม่เกิด Invalid Date และผลการเช็กอินถูกต้องตามขอบเวลา | F21: TypeORM/MySQL mocked time: legacy created_at null: 10:14:59 accepted; 10:15:00 rejected; only service/cron path, not physical UI | G21: ตรวจไม่ได้
A22: TC_CHK_020 | B22: ปรับเวลาที่เครื่องผู้ใช้ให้ช้าหรือเร็ว (Edge Case) | C22: 1. เปลี่ยนเวลาที่เครื่อง client ให้ช้า/เร็วกว่าเวลาจริง 2. พยายามเช็กอินนอกช่วงเวลาที่อนุญาต 3. ตรวจผลลัพธ์และตัวเลขนับถอยหลังบนหน้าจอ | D22: เวลาที่เครื่อง client ถูกแก้ไข | E22: ผู้ใช้ไม่สามารถหลบข้อจำกัดเวลาได้ เพราะกติกาบังคับที่เซิร์ฟเวอร์ และเวลาที่แสดงบนหน้าจอ (countdown) คำนวณจากเวลาปัจจุบัน ไม่ค้างหรือติดลบ | G22: รอทดสอบ
A23: TC_CHK_021 | B23: เปิดหน้าสแกนผ่าน HTTP บนอุปกรณ์จริง (Negative, QR-03) | C23: 1. เปิด http://<lan-ip>:3000/scan บนมือถือ 2. อ่านข้อความที่หน้าจอแสดง 3. ตรวจว่าหน้าจอค้างหรือไม่ | D23: เปิดผ่าน HTTP (ไม่ใช่ HTTPS/localhost) บน Chrome Android หรือ Safari iOS | E23: หน้าแจ้งข้อจำกัดว่ากล้องต้องใช้ HTTPS/localhost พร้อมทางออกจากหน้า ไม่ค้างเงียบ และไม่โชว์กล้องที่ใช้งานไม่ได้โดยไม่อธิบาย (html5-qrcode ต้องมีข้อความหรือ error ที่อ่านได้) | G23: รอทดสอบ
A24: TC_CHK_022 | B24: เปิดหน้าสแกนก่อนข้อมูลการจองโหลดเสร็จ (Edge Case, QR-09) | C24: 1. หน่วง /bookings/me ให้ตอบช้า 2. เปิด /scan แล้วสแกน QR คอร์ตที่มี PENDING ทันที 3. ตรวจข้อความหลังข้อมูลโหลดเสร็จ แล้วสแกนซ้ำ | D24: myBookings ยังว่างเพราะโหลดไม่เสร็จ, QR = 1 | E24: ไม่แจ้งถาวรว่าไม่มีรายการจอง แต่แจ้งว่ากำลังโหลดหรือให้ลองใหม่ และเมื่อข้อมูลมาถึงแล้วสแกนซ้ำสำเร็จ (scan อ่าน pending จาก myBookingsRef) | G24: รอทดสอบ
A25: TC_CHK_023 | B25: ออกจากหน้าหรือกด Back ระหว่างสแกน (Edge Case, QR-10) | C25: 1. เปิด /scan ให้กล้องทำงาน 2. กด Back หรือเปลี่ยนหน้าไปหน้าอื่นทันที 3. ตรวจว่าไฟกล้องดับ แล้วกลับเข้ามาที่ /scan อีกครั้ง | D25: สแกนค้างไว้ 5 วินาทีแล้วกด Back | E25: กล้องหยุดทำงาน (มี scannerRef.current.clear() ใน cleanup) ไฟกล้องดับ ไม่มี DOM scanner ซ้ำหรือคำขอค้าง และเปิดหน้าใหม่ได้ปกติ | G25: รอทดสอบ
A26: TC_CHK_024 | B26: คำขอเช็กอินล้มเหลวหรือเครือข่ายหลุด (Negative, QR-11) | C26: 1. สแกน QR ของคอร์ตที่มี PENDING 2. ตัดเครือข่ายหรือทำให้ POST /bookings/{id}/check-in ตอบ 500 3. เปิดเครือข่ายกลับแล้วสแกนใหม่ | D26: QR = 1, POST /bookings/{id}/check-in ตอบ 500 | E26: หน้าจอไม่แสดงว่าเช็กอินสำเร็จ แจ้งข้อผิดพลาดให้ลองใหม่ และสแกนซ้ำได้จนสำเร็จ โดยสถานะยังเป็น PENDING จนกว่าจะสำเร็จจริง | G26: รอทดสอบ
A27: TC_CHK_025 | B27: ใช้งานกล้องหลังมือถือ แนวนอน แสงน้อย และ QR ย่อขนาด (Edge Case, QR-12) | C27: 1. ใช้กล้องหลังเครื่องจริงสแกนในแนวตั้ง 2. หมุนเป็นแนวนอนและลดแสงลง 3. ย่อ QR ให้เล็กลงแล้วสแกนอีกครั้ง | D27: Chrome Android / Safari iOS, QR ขนาดจริงและย่อ 50% | E27: อ่าน QR ได้หรือแจ้งสถานะที่ชัดเจน ไม่มีภาพค้างหรือค่าที่อ่านได้เป็นขยะ และผู้ใช้กลับมาสแกนใหม่ได้โดยไม่ต้องโหลดหน้าใหม่ทั้งหน้า | G27: รอทดสอบ
A28: TC_CHK_026 | B28: QR ของผู้ดูแลก่อนเวลาเริ่มรอบ ([ยืนยันกติกา], QR-13) | C28: 1. จองรอบ 10:00 ของคอร์ต 1 2. ให้ผู้ดูแลเปิด QR ของคอร์ต 1 เวลา 09:50 3. ให้นักศึกษาสแกน (backend อนุญาตตั้งแต่ 09:45) | D28: รอบ 10:00, ทดสอบเวลา 09:50 (ก่อนเริ่มรอบ 10 นาที) | E28: UI ผู้ดูแลและสิทธิ์ของ backend ต้องสอดคล้องกัน — ถ้า UI ยังรอถึงเวลาเริ่มรอบ ให้บันทึกเป็นข้อขัดแย้ง GAP-03 และใช้ "ตรวจไม่ได้" จนกว่าทีมจะยืนยัน flow การเช็กอินล่วงหน้า | G28: รอทดสอบ
A29: TC_CHK_027 | B29: เช็กอิน 10:45:00 พอดีของรอบที่จองกลางรอบ (Boundary, TIM-06) | C29: 1. จองรอบ 10:00-11:00 ตอนเวลา 10:30 (created_at = 10:30) 2. เช็กอินเวลา 10:45:00 พอดี 3. ตรวจผลลัพธ์ | D29: booking 10:00-11:00 ที่สร้างตอน 10:30, เช็กอิน 10:45:00 | E29: ถูกปฏิเสธ 400 "The check-in period has ended." เพราะ deadline = max(10:00, 10:30) + 15 นาที = 10:45:00 และเวลาที่เท่ากับ deadline ถือว่าหมดสิทธิ์ | F29: TypeORM/MySQL mocked time: 400 The check-in period has ended.; PENDING; only service/cron path, not physical UI | G29: ตรวจไม่ได้
A30: TC_CHK_028 | B30: ช่วง 00:00-06:59 ไทย เมื่อวัน UTC ยังเป็นเมื่อวาน (Boundary, TIM-11) | C30: 1. ตั้งเวลาระบบเป็น 2026-09-22 01:00 +07:00 (วัน UTC ยังเป็น 21) 2. เปิด /booking และเรียก GET /courts/availability แบบไม่ส่ง date 3. เทียบวันและรอบเวลาที่แสดงกับข้อมูลในฐานข้อมูล | D30: เวลาไทย 2026-09-22 01:00, availability โดยไม่มี query date | E30: API และหน้าจอต้องเลือกวันของไทย (22) ไม่ใช่วัน UTC (21) — ข้อควรระวัง: courts.service.getAvailability เมื่อ date เป็น undefined จะไม่กรองวัน จึงต้องยืนยันพฤติกรรมกับทีม (GAP-05) | G30: รอทดสอบ

Sheet 05_REQ-BAN
A1: REQ-BAN: งานอัตโนมัติ ความผิด การแบน และการปลดแบน
A2: Test Case ID | B2: Test Scenario | C2: Test Steps | D2: Test Data | E2: Expected Result | F2: Actual Result | G2: Status
A3: TC_BAN_001 | B3: ระบบยกเลิกอัตโนมัติเมื่อไม่เช็กอินภายใน 15 นาที (Positive, S02) | C3: 1. เตรียมข้อมูลการจองคอร์ต 1 เวลา 18:00 สถานะ PENDING ของผู้ใช้ที่ strikes = 0 2. ปล่อยให้เวลาเกิน 18:15 โดยไม่เช็กอิน 3. ตรวจสถานะการจองและ strikes | D3: booking 18:00, ตรวจที่เวลา 18:15:10 | E3: การจองถูกเปลี่ยนเป็น CANCELLED อัตโนมัติ และ strikes ของผู้ใช้เพิ่มเป็น 1 | G3: รอทดสอบ
A4: TC_BAN_002 | B4: งานอัตโนมัติทำงานโดยไม่มีใครเปิดหน้าเว็บ (Positive, S02) | C4: 1. ปิดเบราว์เซอร์ทั้งหมดและให้ผู้ใช้ล็อกเอาต์ 2. ปล่อยให้เลยเวลา 15 นาที 3. ตรวจสถานะในฐานข้อมูล | D4: ระบบ backend ยังทำงานอยู่ | E4: ระบบยกเลิกการจองและนับความผิดให้ตามเวลา แม้ไม่มีผู้ใช้เปิดหน้าเว็บเลย | G4: รอทดสอบ
A5: TC_BAN_003 | B5: งานอัตโนมัติเรียกซ้ำไม่นับความผิดซ้ำ (Positive, S02) | C5: 1. ให้เกิดการยกเลิกอัตโนมัติ 1 รายการ (strikes = 1) 2. รอให้ cron ทำงานอีก 2-3 รอบ 3. ตรวจ strikes | D5: booking ที่ถูกยกเลิกอัตโนมัติแล้ว | E5: strikes ยังคงเป็น 1 (ไม่ถูกนับซ้ำ) และจำนวนการแบนไม่เกิดขึ้น | F5: TypeORM/MySQL mocked time: cron called three times, one strike and no ban | G5: ผ่าน
A6: TC_BAN_004 | B6: ขอบเวลา 18:14:xx รายการยังไม่ถูกยกเลิก (Boundary) | C6: 1. มีรายการ PENDING เวลา 18:00 2. ตรวจที่เวลา 18:14:30 3. ตรวจสถานะ | D6: ตรวจที่เวลา 18:14:30 | E6: รายการยังเป็น PENDING (ยังไม่ถึงเส้นตาย) และยังไม่มี strikes | F6: TypeORM/MySQL mocked time: 18:14:30 pending, strikes=0; only service/cron path, not physical UI | G6: ตรวจไม่ได้
A7: TC_BAN_005 | B7: ขอบเวลา 18:15:00 รายการถูกยกเลิกและนับความผิด (Boundary) | C7: 1. มีรายการ PENDING เวลา 18:00 2. ตรวจที่เวลา 18:15:00 พอดี 3. ตรวจสถานะและ strikes | D7: ตรวจที่เวลา 18:15:00 | E7: รายการถูกยกเลิกอัตโนมัติและ strikes เพิ่มเป็น 1 ที่ขอบเวลาพอดี | F7: TypeORM/MySQL mocked time: 18:15:00 cancelled, strikes=1; only service/cron path, not physical UI | G7: ตรวจไม่ได้
A8: TC_BAN_006 | B8: ความผิดครั้งแรกยังไม่ถูกแบน (Positive) | C8: 1. ทำให้เกิดความผิดครั้งที่ 1 2. ตรวจค่า strikes และ banned_until | D8: ผู้ใช้ที่ยังไม่มีประวัติความผิด | E8: strikes = 1 และ banned_until เป็น null (ยังไม่ถูกแบน) | F8: TypeORM/MySQL mocked time: first strike=1, no ban | G8: ผ่าน
A9: TC_BAN_007 | B9: ความผิดครั้งที่สองแบนทันที 24 ชั่วโมง (Positive) | C9: 1. ผู้ใช้มี strikes = 1 จากวันก่อน 2. ทำให้เกิดความผิดอีก 1 ครั้ง 3. ตรวจ banned_until | D9: ผู้ใช้ที่ strikes = 1 | E9: strikes = 2 และ banned_until มีค่าเท่ากับเวลาที่เกิดความผิดครั้งที่สอง + 24 ชั่วโมง | F9: TypeORM/MySQL mocked time: second strike=2, ban +24h | G9: ผ่าน
A10: TC_BAN_008 | B10: ความผิดสะสมข้ามวัน (Positive) | C10: 1. ทำให้เกิดความผิดวันที่ 1 (strikes = 1) 2. ทำให้เกิดความผิดวันที่ 2 3. ตรวจว่าแบนเกิดขึ้นในการผิดครั้งที่สอง | D10: ความผิดคนละวัน ไม่ใช่การนับรีเซ็ตรายวัน | E10: ระบบนับความผิดสะสมข้ามวัน และแบนทันทีเมื่อครบ 2 ครั้ง แม้เกิดคนละวัน | F10: TypeORM/MySQL mocked time: strike 1 Sep 27; strike 2 Sep 28; ban +24h | G10: ผ่าน
A11: TC_BAN_009 | B11: รายการค้างหลายรายการของคนเดียวกันถูกนับครบ (Positive, Regression) | C11: 1. เตรียมรายการ PENDING ของผู้ใช้คนเดียว 2 รายการในคนละวัน (เช่น วันที่ 15 และ 16) 2. ให้ระบบประมวลผลงานอัตโนมัติในวันที่ 17 3. ตรวจ strikes และ banned_until | D11: 2 รายการค้างของ stu_id เดียวกัน | E11: ทั้งสองรายการถูกยกเลิก และ strikes = 2 (นับครบทั้งสองรายการ ไม่ใช่ 1) พร้อมถูกแบน 24 ชั่วโมง | F11: TypeORM/MySQL mocked time: two rows cancelled, strikes=2, banned | G11: ผ่าน
A12: TC_BAN_010 | B12: ยกเลิกสายและงานอัตโนมัติในรายการเดียวกันไม่นับซ้ำ (Positive, S02) | C12: 1. ผู้ใช้กดยกเลิกสาย (หลังเส้นตาย) รายการหนึ่ง 2. ให้ cron ทำงานต่อทันที 3. ตรวจ strikes | D12: booking 1 รายการ ที่ถูกยกเลิกสาย | E12: รายการเดียวกันถูกนับความผิดเพียง 1 ครั้ง (ไม่นับซ้ำจากการยกเลิกสายและการทำงานของ cron) | F12: TypeORM/MySQL mocked time: late cancel + cron remains 1 strike | G12: ผ่าน
A13: TC_BAN_011 | B13: ผู้ใช้ที่ถูกแบนไม่สามารถจองได้ (Negative) | C13: 1. ให้ผู้ใช้ถูกแบน (strikes = 2) 2. พยายามจองคอร์ดใหม่ 3. ตรวจผลลัพธ์ | D13: ผู้ใช้ที่มี banned_until อยู่ในอนาคต | E13: ระบบตอบกลับ 400 พร้อมข้อความ "Your account is currently banned from booking courts." และไม่มีการจองถูกสร้าง | F13: API/MySQL round 2: HTTP 400; no new booking | G13: ผ่าน
A14: TC_BAN_012 | B14: พ้นแบนแล้วระบบปลดแบนอัตโนมัติ (Positive) | C14: 1. ตั้ง banned_until ให้เป็นเวลาในอดีต 2. ให้ cron ทำงาน 3. ตรวจค่าของ banned_until และ strikes | D14: banned_until = เมื่อวาน | E14: banned_until ถูกตั้งเป็น null และ strikes ถูกรีเซ็ตเป็น 0 อัตโนมัติ | F14: API/MySQL round 2: ban cleared by ban-status, automatic cron path not exercised (only part of workbook case exercised) | G14: ตรวจไม่ได้
A15: TC_BAN_013 | B15: พ้นแบนแล้วเข้าใช้งานระบบ ตรวจสถานะผ่าน API (Positive) | C15: 1. ตั้ง banned_until ให้เป็นเวลาในอดีต 2. เข้าสู่ระบบแล้วเปิดหน้า /dashboard 3. ตรวจผลจาก GET /users/me/ban-status | D15: บัญชีที่พ้นแบนแล้ว | E15: API คืนค่า isBanned = false, strikes = 0 และฐานข้อมูลถูกล้างค่าแบนให้แล้วโดยไม่ต้องรอ cron | F15: API/MySQL round 2: 200 isBanned=false, strikes=0, DB cleared | G15: ผ่าน
A16: TC_BAN_014 | B16: Popup แจ้งการแบนแสดงเมื่อเข้าใช้งาน (Positive, U08) | C16: 1. ให้บัญชีผู้ใช้ถูกแบน 2. เข้าสู่ระบบและเปิดหน้า /dashboard 3. ตรวจหน้าต่างที่เด้งขึ้น | D16: ผู้ใช้ที่มี banned_until อยู่ในอนาคต | E16: แสดง Popup หัวข้อ "บัญชีของคุณถูกระงับการใช้งาน" พร้อมวัน-เวลาพ้นแบน (รูปแบบ th-TH) และปุ่ม "รับทราบ" ตามข้อกำหนด U08 | G16: รอทดสอบ
A17: TC_BAN_015 | B17: Popup แบนอัปเดตตามข้อมูลระบบส่วนกลาง (Positive, U08) | C17: 1. แสดง Popup แบนค้างไว้ 2. ให้ระบบปลดแบน (admin หรือ cron) 3. ตรวจข้อความบน Popup หลังปิดและเปิดใหม่ | D17: ผู้ใช้ที่ถูกปลดแบน | E17: เมื่อสถานะจากเซิร์ฟเวอร์เปลี่ยนเป็นไม่ถูกแบน Popup จะไม่แสดงอีก และไม่ค้างข้อมูลเดิม (อ้างข้อมูลจาก API ส่วนกลาง ไม่ใช่ค่าที่ค้างในเบราว์เซอร์) | G17: รอทดสอบ
A18: TC_BAN_016 | B18: Admin ไม่ถูกแบนและไม่เห็น Popup (Negative) | C18: 1. เข้าสู่ระบบด้วยบัญชี Admin 2. ตรวจ GET /users/me/ban-status 3. ตรวจหน้าจอว่าไม่ปรากฏ Popup แบน | D18: บัญชี Admin ที่ระบบ seed (admin / password ตาม users.service.ts) | E18: API คืน isBanned = false, strikes = 0 และหน้าเว็บของ Admin ไม่แสดง Popup แบน | G18: รอทดสอบ
A19: TC_BAN_017 | B19: ความผิดของผู้ใช้แต่ละคนไม่ปะปนกัน (Positive) | C19: 1. ให้ผู้ใช้ A ถูกแบน 2. ให้ผู้ใช้ B จองคอร์ดตามปกติ 3. ตรวจผลลัพธ์ของผู้ใช้ B | D19: ผู้ใช้ A ถูกแบน / ผู้ใช้ B ปกติ | E19: ผู้ใช้ B จองได้ตามปกติ (ไม่ถูกปฏิเสธ) และค่า strikes ของ A และ B แยกจากกัน | F19: API/MySQL round 2: B booked while A banned; strikes A=2/B=0 | G19: ผ่าน
A20: TC_BAN_018 | B20: งานอัตโนมัติยกเลิกรอบที่ deadline เลยเวลาจบรอบ โดยไม่นับความผิด (Positive, dev) | C20: 1. เตรียมรายการ PENDING รอบ 10:00 ที่จองตอน 10:50 (deadline 11:05 > เวลาจบรอบ 11:00) 2. ให้ cron ทำงานหลัง 11:00 3. ตรวจสถานะและ strikes | D20: รายการรอบสั้น (deadline > end) | E20: รายการถูกยกเลิกที่ min(deadline, end) = 11:00 และ strikes ไม่เพิ่ม (เพราะ deadline เกินเวลาสิ้นสุดรอบ) | F20: TypeORM/MySQL mocked time: short round ended, no strike | G20: ผ่าน
A21: TC_BAN_019 | B21: กรณี deadline เท่ากับเวลาสิ้นสุดรอบพอดี (Boundary, dev) | C21: 1. เตรียมรายการ PENDING ที่ deadline = เวลาสิ้นสุดรอบ 2. ให้ cron ทำงาน 3. ตรวจสถานะและ strikes | D21: รายการที่ deadline == end | E21: ระบบยกเลิกพร้อมเพิ่ม strike 1 ครั้ง ตามเงื่อนไขที่ทดสอบได้ (บันทึกผลจริงที่เกิดขึ้นและยืนยันกติกากับทีม) | F21: TypeORM/MySQL mocked time: deadline equals end, strike 1 | G21: ผ่าน
A22: TC_BAN_020 | B22: การจบรอบอัตโนมัติใช้เวลาสิ้นสุดรอบเดิม (Positive, dev) | C22: 1. จองกลางรอบเวลา 10:30 รอบ 10:00 แล้วเช็กอินสำเร็จ 2. ตรวจที่เวลา 10:59 → ต้องยังเป็น CHECKED_IN 3. ตรวจที่เวลา 11:00 เป็นต้นไป → ต้องเป็น COMPLETED | D22: รายการที่จองกลางรอบและเช็กอินแล้ว | E22: ก่อนเวลาสิ้นสุดรอบยังเป็น CHECKED_IN และเมื่อถึงเวลาสิ้นสุดรอบระบบเปลี่ยนเป็น COMPLETED (ไม่ขยายเวลาเป็น 11:30) | F22: TypeORM/MySQL mocked time: service check-in at 10:44:59; cron 10:59:59 checked-in and 11:00 completed; only service/cron path, not physical UI | G22: ตรวจไม่ได้
A23: TC_BAN_021 | B23: หยุด backend ข้ามเส้นตายแล้วเปิดใหม่ (Edge Case, dev) | C23: 1. หยุด backend ก่อนถึงเส้นตายของรายการ PENDING 2. ปล่อยเวลาให้เลยเส้นตาย 3. เปิด backend ใหม่และรอ cron รอบแรก 4. ตรวจสถานะและ strikes | D23: รายการ PENDING ที่ค้างข้ามเส้นตาย | E23: cron รอบแรกหลังเปิดระบบจัดการรายการตกค้างได้ครบ (ยกเลิกและนับความผิดตามกติกา) ไม่มีรายการค้างสถานะ PENDING | G23: รอทดสอบ
A24: TC_BAN_022 | B24: ข้ามเที่ยงคืนแล้วผู้ใช้จองใหม่ได้ (Positive, dev) | C24: 1. ผู้ใช้มีการจองของเมื่อวาน (รวมรายการที่ถูกยกเลิกอัตโนมัติ) 2. รอข้ามเที่ยงคืนตามเวลาไทย 3. จองคอร์ดของวันใหม่และตรวจรายการเก่า | D24: ผู้ใช้ที่มีรายการของเมื่อวาน | E24: ผู้ใช้จองของวันใหม่ได้ตามโควตาใหม่ และประวัติของเมื่อวานยังอยู่ในระบบ (ไม่มีการลบประวัติข้ามวัน) | G24: รอทดสอบ
A25: TC_BAN_023 | B25: ก่อนหมดแบน 1 วินาทียังจองไม่ได้ (Boundary, BAN-05) | C25: 1. เตรียม fixture ให้ผู้ใช้มี 2 strikes และ banned_until = 12:00:00 ของวันนี้ 2. ที่เวลา 11:59:59 พยายามจองคอร์ต 3. ที่เวลา 12:00:00 จองอีกครั้ง | D25: banned_until = 12:00:00, strikes = 2, court=1 รอบ 18:00 | E25: ที่ 11:59:59 ยังได้ 400 "Your account is currently banned from booking courts." และเมื่อถึงหรือหลังเวลาหมดแบนจึงจองได้ตามโควตาปกติ | G25: รอทดสอบ
A26: TC_BAN_024 | B26: ออกจากระบบแล้วเข้าอีกบัญชี popup แบนต้องไม่ติด (Negative, BAN-08) | C26: 1. ให้บัญชี A ถูกแบนและเห็น popup แบน 2. ออกจากระบบแล้วล็อกอินบัญชี B (ไม่ได้ถูกแบน) 3. ตรวจ popup และ /users/me/ban-status ของ B | D26: บัญชี A ถูกแบน, บัญชี B strikes = 0 | E26: B ไม่เห็น popup แบน และ ban-status ของ B คืน isBanned = false, strikes = 0 (ข้อมูลแบนของ A ไม่ค้างในหน้าจอหรือ localStorage) | G26: รอทดสอบ
A27: TC_BAN_025 | B27: เรียก ban-status ซ้ำพร้อมงานอัตโนมัติปลดแบน (Edge Case, BAN-09) | C27: 1. เตรียมผู้ใช้ที่ครบเวลาแบน 24 ชั่วโมง (strikes = 2) 2. เรียก /users/me/ban-status และให้ cron ทำงานในจังหวะเดียวกัน ทำซ้ำ 2-3 ครั้ง 3. ตรวจ strikes และ banned_until หลังการเรียกแต่ละครั้ง | D27: ผู้ใช้ที่หมดเวลาแบนแล้ว, 2 strikes | E27: strikes ถูก reset เป็น 0 เพียงครั้งเดียวและค่าการแบนไม่ย้อนกลับ เรียกซ้ำแล้วได้ผลเท่าเดิม (cron และ ban-status ใช้เส้นทางปลดแบนเดียวกัน) | G27: รอทดสอบ
A28: TC_BAN_026 | B28: งานอัตโนมัติบันทึกล้มเหลวกลาง transaction (Edge Case, CRN-10) | C28: 1. จำลองให้การบันทึกล้มเหลวระหว่างที่ cron ยกเลิกรายการค้าง 2. ตรวจ booking กับจำนวน strikes ของผู้ใช้ว่าสอดคล้องกัน 3. ปล่อยให้ cron รอบถัดไปทำงาน | D28: PENDING ที่พ้น deadline 2 รายการของผู้ใช้คนเดียวกัน | E28: ไม่มี booking ที่ถูกยกเลิกโดย strikes ไม่ถูกบันทึก (หรือกลับกัน) และ cron รอบถัดไปจัดการรายการตกค้างได้ครบโดยไม่นับความผิดซ้ำ | G28: รอทดสอบ

Sheet 06_REQ-ADMIN
A1: REQ-ADMIN: ฟังก์ชันฝั่ง Admin (A01-A09)
A2: Test Case ID | B2: Test Scenario | C2: Test Steps | D2: Test Data | E2: Expected Result | F2: Actual Result | G2: Status
A3: TC_ADM_001 | B3: กระดิ่งแจ้งเตือน Admin แสดงรายการจองและรายการยกเลิก (Positive, A01) | C3: 1. เข้าสู่ระบบด้วยบัญชี Admin 2. กดไอคอนกระดิ่งแจ้งเตือนมุมขวาบน 3. ตรวจรายการที่แสดง | D3: มีรายการจองใหม่ 1 รายการ และรายการยกเลิก 1 รายการ | E3: รายการแจ้งเตือนแสดงทั้งรายการจองใหม่และรายการที่ถูกยกเลิก เรียงรายการล่าสุดก่อน ตามข้อกำหนด A01 | G3: รอทดสอบ
A4: TC_ADM_002 | B4: จำนวน/รายการบนกระดิ่งอัปเดตเมื่อมีรายการใหม่ (Positive, A01) | C4: 1. เปิดหน้า Admin ค้างไว้โดยยังไม่เปิดกระดิ่ง 2. ให้ผู้ใช้สร้างการจองใหม่ 3. รอไม่เกิน 10 วินาทีแล้วเปิดกระดิ่ง | D4: การจองใหม่จากผู้ใช้ | E4: กระดิ่งแสดงตัวเลขแจ้งเตือนเพิ่มขึ้นและรายการใหม่ปรากฏโดยไม่ต้องรีเฟรชหน้า | G4: รอทดสอบ
A5: TC_ADM_003 | B5: Dashboard และสีเมนูเป็นธีมเดียวกันตาม CI (Positive, A02) | C5: 1. เข้าสู่ระบบด้วยบัญชี Admin 2. ตรวจสีของ banner, header, ปุ่ม, พื้นหลัง และตัวอักษร 3. เทียบกับ CI ที่ตกลง | D5: ส้ม 50% / ขาว 20% / ดำ 20% ตามสัดส่วนที่ตกลง | E5: สีของทุกองค์ประกอบหลักตรงกับ CI ที่ตกลง และใช้ชุดสีเดียวกันกับฝั่ง User | G5: รอทดสอบ
A6: TC_ADM_004 | B6: ทุกหน้า Admin รองรับ Dark/Light Mode (Positive, A03) | C6: 1. สลับธีมเป็น Dark ที่หน้า /dashboard 2. ไล่เปิดหน้า admin/users และหน้าอื่น ๆ ของ Admin 3. สลับกลับเป็น Light และตรวจซ้ำ | D6: Dark / Light | E6: ทุกหน้า Admin เปลี่ยนสีตามธีมผ่านระบบธีมส่วนกลาง สีอ่านได้ชัดเจนทั้งสองโหมด และค่าธีมคงอยู่หลังรีเฟรช | G6: รอทดสอบ
A7: TC_ADM_005 | B7: มี Footer และใช้งานบน Desktop ได้ (Positive, A04) | C7: 1. เข้าสู่ระบบด้วยบัญชี Admin 2. เปิดหน้า /dashboard และ /admin/users ที่ขนาด desktop ตามที่ตกลง (เช่น 1440x900) 3. ตรวจ Footer และการจัดวาง | D7: ขนาดหน้าจอ 1440x900 และ 375x812 | E7: หน้าเว็บใน MainLayout (dashboard, booking, scan, admin/users, news) มี Footer แสดงบน desktop และ layout ใช้งานครบโดยไม่มี horizontal scroll ตามข้อกำหนด A04 (บันทึกไว้ว่า Footer ถูกซ่อนบนจอมือถือ) | G7: รอทดสอบ
A8: TC_ADM_006 | B8: หน้า Manage Users ใช้ธีมเดียวกับฝั่ง User และจัดปุ่มใหม่ (Positive, A05) | C8: 1. เปิดหน้า /admin/users 2. ตรวจสี/ธีม/ฟอนต์ เทียบกับหน้าของ User 3. ตรวจการจัดวางตำแหน่งปุ่ม | D8: บัญชี Admin | E8: หน้า Manage Users ใช้ธีมเดียวกับฝั่ง User และปุ่มถูกจัดวางใหม่ตามข้อกำหนด A05 | G8: รอทดสอบ
A9: TC_ADM_007 | B9: Admin ดูรายการผู้ใช้ทั้งหมด (Positive, A05) | C9: 1. เข้าสู่ระบบด้วยบัญชี Admin 2. เปิดหน้า /admin/users 3. ตรวจรายการผู้ใช้ที่แสดง | D9: มีผู้ใช้ในระบบอย่างน้อย 2 บัญชี | E9: หน้าจอแสดงรายชื่อผู้ใช้ทั้งหมดจากฐานข้อมูล โดยไม่มีข้อมูลรหัสผ่านแสดงออกมา | G9: รอทดสอบ
A10: TC_ADM_008 | B10: Admin สร้างบัญชี Admin ใหม่ (Positive, A05) | C10: 1. เปิดหน้า /admin/users 2. กรอกข้อมูล Admin ใหม่ แล้วกดสร้าง 3. ตรวจผลลัพธ์และการเข้าสู่ระบบด้วยบัญชีใหม่ | D10: username admin2 / name Administrator 2 | E10: ระบบสร้างบัญชีสำเร็จ แสดงข้อความ "Admin created successfully" และบัญชีใหม่เข้าสู่ระบบได้จริง | G10: รอทดสอบ
A11: TC_ADM_009 | B11: Admin ลบผู้ใช้ (Positive, A05) | C11: 1. เปิดหน้า /admin/users 2. กดลบที่ผู้ใช้ทดสอบ แล้วยืนยันในกล่องยืนยัน 3. ตรวจรายการ | D11: บัญชีผู้ใช้ทดสอบที่ไม่ใช่ข้อมูลจริง | E11: ระบบลบผู้ใช้สำเร็จ แสดงข้อความ "User deleted successfully" และผู้ใช้หายจากรายการ | G11: รอทดสอบ
A12: TC_ADM_010 | B12: กราฟสถิติสลับช่วงเวลาได้ (Positive, A06) | C12: 1. เปิดหน้า Dashboard ของ Admin 2. สลับตัวกรองเป็น รายวัน / สัปดาห์ / เดือน / ปี 3. ตรวจผลของกราฟแต่ละช่วง | D12: ข้อมูลทดสอบที่มีการจองมากกว่า 1 ช่วงเวลา | E12: กราฟแสดงผลตามช่วงเวลาที่เลือกทั้ง 4 แบบ และตัวเลขสอดคล้องกับข้อมูลจริงตามข้อกำหนด A06 | G12: รอทดสอบ
A13: TC_ADM_011 | B13: กราฟแสดงผลถูกต้องเมื่อไม่มีข้อมูล (Edge Case, A06) | C13: 1. ล้างข้อมูลการจองทดสอบ (Reset Database) 2. เปิดกราฟสถิติ 3. ตรวจการแสดงผล | D13: ฐานข้อมูลทดสอบว่าง | E13: กราฟแสดงสถานะไม่มีข้อมูลอย่างชัดเจน ไม่ค้างหรือเกิดข้อผิดพลาดบนหน้าจอ | G13: รอทดสอบ
A14: TC_ADM_012 | B14: วงจรสถานะบนหน้าจอ Admin ครบทั้ง PENDING/CHECKED_IN/COMPLETED (Positive, A08) | C14: 1. ให้ User จองคอร์ด แล้วเช็กอิน 2. ที่หน้าจอ Admin ตรวจสถานะ PENDING → CHECKED_IN 3. กดจบการใช้งานหรือรอครบเวลา แล้วตรวจสถานะ COMPLETED | D14: booking 1 รายการ ตลอดวงจร | E14: หน้าจอ Admin แสดงสถานะครบทั้ง 3 ขั้นตามที่เกิดขึ้นจริง พร้อมเวลาเข้าเล่น/เสร็จสิ้นตามข้อกำหนด A08 | G14: รอทดสอบ
A15: TC_ADM_013 | B15: เมนูจองคอร์ดและสแกนไม่แสดงสำหรับ Admin (Positive, A09) | C15: 1. เข้าสู่ระบบด้วยบัญชี Admin 2. ตรวจเมนูด้านล่างและเมนูด้านข้างทั้งหมด 3. ตรวจว่าไม่มีเมนู จองคอร์ท / สแกนเข้าสนาม | D15: บัญชี Admin | E15: เมนู จองคอร์ท และ สแกนเข้าสนาม ถูกซ่อนสำหรับ Admin โดยที่หน้าและเมนูของ User ยังทำงานปกติตามข้อกำหนด A09 | F15: Browser/Chromium: admin menu hides booking and scan; student menu tested in UI_010; remaining workbook assertions not verified | G15: ตรวจไม่ได้
A16: TC_ADM_014 | B16: Admin เข้า URL ของหน้าจอง/สแกนโดยตรง (Negative, A09) | C16: 1. เข้าสู่ระบบด้วยบัญชี Admin 2. พิมพ์ URL /booking และ /scan ตรง ๆ ในเบราว์เซอร์ 3. ตรวจผลลัพธ์ | D16: URL http://localhost:3000/booking และ /scan | E16: ระบบจำกัดสิทธิ์ตามบทบาทและส่ง Admin กลับไปหน้า /dashboard ไม่ให้ใช้งานหน้าของ User | F16: Browser/Chromium: admin direct booking/scan -> dashboard | G16: ผ่าน
A17: TC_ADM_015 | B17: หลังเอาหน้าออกจาก Admin ผู้ใช้ยังใช้งานได้ปกติ (Positive, Regression) | C17: 1. เข้าสู่ระบบด้วยบัญชีนักเรียน 2. จองคอร์ดและสแกนเช็กอินตามปกติ 3. เข้าสู่ระบบด้วย Admin เพื่อดู QR ของคอร์ต | D17: บัญชีนักเรียน + บัญชี Admin | E17: ผู้ใช้ยังจองและเช็กอินได้ตามปกติ และ Admin ยังแสดง QR ของคอร์ตได้ (การเอาหน้าออกไม่กระทบฝั่ง User) | G17: รอทดสอบ
A18: TC_ADM_016 | B18: Admin ดูรายการจองทั้งหมดของวันที่เลือก (Positive) | C18: 1. เข้าสู่ระบบด้วยบัญชี Admin 2. เรียก GET /bookings?date=วันนี้ 3. ตรวจรายการที่ได้ | D18: date = วันนี้ (Asia/Bangkok) | E18: ระบบคืนรายการจองของวันนั้นทั้งหมดของผู้ใช้ทุกคน พร้อมข้อมูลผู้จองและสถานะ | F18: API/MySQL: admin sees dated bookings Only some workbook assertions were exercised. | G18: ตรวจไม่ได้
A19: TC_ADM_017 | B19: Admin ล้างข้อมูลการจองทั้งหมด (Positive, เครื่องทดสอบเท่านั้น) | C19: 1. เข้าสู่ระบบด้วยบัญชี Admin บนฐานข้อมูลทดสอบ 2. กด Reset Database และยืนยันทั้งสองกล่องยืนยัน 3. ตรวจรายการจองทั้งหมด | D19: ฐานข้อมูลทดสอบ (ห้ามใช้ข้อมูลจริง) | E19: ระบบลบรายการจองทั้งหมดและแสดงข้อความ "Database reset successfully" จากนั้นหน้าจอไม่มีรายการคงเหลือ | G19: รอทดสอบ
A20: TC_ADM_018 | B20: Dialog ที่เปิดอยู่ต้องใช้ข้อมูลล่าสุดหลัง polling (Positive, dev) | C20: 1. Admin เปิด dialog ของรายการที่มีสถานะ PENDING 2. ให้ผู้ใช้สแกนเช็กอินในอีกอุปกรณ์ 3. รอให้ polling อัปเดต แล้วตรวจ dialog ที่เปิดอยู่ | D20: รายการที่ถูกเปิด dialog ค้างไว้ | E20: Dialog แสดงสถานะล่าสุด (CHECKED_IN) พร้อม QR/ปุ่มที่ตรงกับสถานะใหม่ โดยไม่ต้องปิดเปิดใหม่ | G20: รอทดสอบ
A21: TC_ADM_019 | B21: กดจบการใช้งานซ้ำหรือ Admin สองคนกดพร้อมกัน (Concurrency) | C21: 1. มีรายการสถานะ CHECKED_IN 2. กดจบการใช้งานซ้ำอย่างรวดเร็ว หรือให้ Admin 2 คนกดพร้อมกัน 3. ตรวจสถานะสุดท้าย | D21: รายการ CHECKED_IN 1 รายการ | E21: ผลสุดท้ายเป็น COMPLETED เพียงหนึ่งครั้ง ไม่มีข้อผิดพลาดค้าง และไม่มีสถานะย้อนกลับ | F21: API/MySQL round 2: statuses=201,201 + actual - expected [ 201, + 201 - 400 ] | G21: ไม่ผ่าน
A22: TC_ADM_020 | B22: Reset ลบเฉพาะรายการจอง ไม่ลบบัญชีและความผิด (Positive, dev) | C22: 1. เตรียมข้อมูลทดสอบ: บัญชีผู้ใช้ คอร์ต strikes และการแบน 2. Admin กด Reset Database และยืนยันทั้งสองขั้น 3. ตรวจตาราง Booking, users_students และค่า strikes/banned_until | D22: ฐานข้อมูลทดสอบที่มีทั้งผู้ใช้และการจอง | E22: รายการจองทั้งหมดถูกลบ แต่บัญชีผู้ใช้ คอร์ต ค่า strikes และสถานะแบนยังอยู่ตามเดิม (Reset มีขอบเขตเฉพาะ Booking) | F22: API/MySQL round 2: reset removed booking 40; retained students/strikes/admin/4 courts | G22: ผ่าน
A23: TC_ADM_021 | B23: สร้าง Admin ด้วยข้อมูลซ้ำหรือไม่ครบ (Negative) | C23: 1. ยิง POST /users/admin ด้วย username/รหัสผู้ดูแลที่ซ้ำกับที่มีอยู่ 2. ทดสอบซ้ำโดยเว้นช่องข้อมูลจำเป็นว่างหรือไม่ส่งรหัสผ่าน 3. ตรวจผลลัพธ์ในฐานข้อมูล | D23: username ซ้ำ และ payload ที่ไม่ครบ | E23: ระบบปฏิเสธด้วย 4xx และไม่เขียนทับบัญชีผู้ดูแลเดิม ไม่สร้างบัญชีด้วยรหัสผ่านเริ่มต้นโดยไม่แจ้งผู้ใช้ | G23: รอทดสอบ
A24: TC_ADM_022 | B24: เปิดรายการจองจาก Dashboard แล้ว dialog แสดงข้อมูลครบ (Positive, ADM-02) | C24: 1. ล็อกอิน Admin เปิด Dashboard เลือกวันที่ที่มีรายการ 2. กดที่รายการหนึ่ง 3. ตรวจข้อมูลใน dialog เทียบกับ GET /bookings?date=<วันที่นั้น> | D24: รายการของนักศึกษา 66010001, Court 2, 18:00-19:00, PENDING | E24: dialog แสดงชื่อเจ้าของ สนาม วัน เวลาเริ่ม-สิ้นสุด และสถานะตรงกับข้อมูลจริงจาก API โดยไม่มีช่องใดเป็น undefined | G24: รอทดสอบ
A25: TC_ADM_023 | B25: กด Finish early แล้วยกเลิกในกล่องยืนยัน (Negative, ADM-05) | C25: 1. เปิดรายการสถานะ CHECKED_IN 2. กดปุ่มจบการใช้งาน แล้วกดยกเลิกในกล่องยืนยัน 3. ตรวจสถานะรายการ | D25: booking CHECKED_IN ของวันนี้ | E25: สถานะยังเป็น CHECKED_IN และไม่มีการเรียก POST /bookings/{id}/finish หน้าจอต้องไม่เปลี่ยนสถานะล่วงหน้าก่อนยืนยัน | G25: รอทดสอบ
A26: TC_ADM_024 | B26: จบการใช้งานก่อนจบรอบ มีผลต่อโควตาและช่องสนาม (Positive, ADM-09) | C26: 1. ให้นักศึกษา A เช็กอินรอบ 10:00-11:00 2. Admin กดจบการใช้งานเวลา 10:20 (สถานะ COMPLETED) 3. ให้ A พยายามจองรอบใหม่ และให้ผู้ใช้ B พยายามจองช่องเดิม | D26: booking ของ A รอบ 10:00 (จบตอน 10:20) | E26: A ยังใช้โควตาวันนี้ไม่ได้เพราะ COMPLETED ถูกนับเป็นโควตา และช่อง 10:00-11:00 ยังถือว่าไม่ว่าง — ถ้าข้อความ error สื่อว่าจองใหม่ได้ ให้บันทึกเป็นข้อขัดแย้ง GAP-01 และยืนยันกติกากับทีม | G26: รอทดสอบ
A27: TC_ADM_025 | B27: ออกจาก Dashboard แล้ว polling ต้องหยุด (Positive, ADM-12) | C27: 1. เปิด Dashboard ให้ polling ทำงาน 2. เปลี่ยนไปหน้าอื่นหรือกด logout 3. ดู DevTools Network ว่ายังมีคำขอวิ่งอยู่หรือไม่ แล้วกลับเข้าหน้าใหม่ | D27: Dashboard ที่มี polling ประมาณทุก 5 วินาที | E27: interval ถูก clear เมื่อออกจากหน้า ไม่มีคำขอ /bookings หรือ notifications วิ่งต่อเบื้องหลัง และกลับเข้าหน้าใหม่แล้ว polling เริ่มชุดเดียวไม่ซ้อนกันสองชุด | G27: รอทดสอบ
A28: TC_ADM_026 | B28: สร้างบัญชี Admin โดยไม่ส่งรหัสผ่าน (Negative, USR-04) | C28: 1. ล็อกอิน Admin เปิด /admin/users 2. ยิง POST /users/admin โดยไม่ส่ง field password (หรือปล่อยช่องรหัสผ่านว่าง) 3. ลองล็อกอินบัญชีใหม่ด้วยรหัสผ่าน "password" | D28: POST /users/admin { username: "qa_admin", name: "QA Admin" } | E28: ระบบต้องไม่สร้างบัญชีที่ได้รหัสผ่านเริ่มต้นโดยไม่ตั้งใจ (ต้องปฏิเสธหรือบังคับตั้งรหัสผ่าน) — ปัจจุบัน users.service.createAdmin ใช้ password || 'password' แล้ว bcrypt hash ให้ จึงล็อกอินได้ด้วยรหัสผ่านนั้น | F28: API/MySQL: HTTP 201; default-password login HTTP 201 | G28: ไม่ผ่าน
A29: TC_ADM_027 | B29: กดลบผู้ใช้แล้วยกเลิกในกล่องยืนยัน (Positive, USR-05) | C29: 1. เปิด /admin/users 2. กดปุ่มลบของนักศึกษา แล้วกด Cancel ในกล่อง confirm 3. ตรวจรายการและลองล็อกอินบัญชีนั้น | D29: นักศึกษา 66010002 (ไม่มีประวัติการจอง) | E29: ผู้ใช้ยังอยู่ในรายการและล็อกอินได้ตามปกติ เพราะหน้าเว็บใช้ confirm() ก่อนเรียก DELETE /users/{id} | G29: รอทดสอบ
A30: TC_ADM_028 | B30: ลบนักศึกษาที่มีประวัติการจอง (Negative, USR-07) | C30: 1. เลือกนักศึกษาที่มี booking ในอดีต 2. กดลบและยืนยัน 3. ตรวจข้อความบนหน้าจอและประวัติการจองในฐานข้อมูล | D30: นักศึกษา 66010003 ที่มี booking 3 รายการ | E30: ระบบต้องไม่ลบประวัติการจองโดยเงียบ (FK RESTRICT) และ UI แจ้งสาเหตุที่อ่านเข้าใจ — ปัจจุบัน removeStudent ใช้ repository.remove จึงต้องบันทึกรหัสสถานะและข้อความจริงที่ส่งกลับ (อาจเป็น 500) แทนการสรุปว่าเป็น 400 | G30: รอทดสอบ
A31: TC_ADM_029 | B31: ลบผู้ใช้ที่ไม่มีในระบบหรือลบซ้ำ (Negative, USR-08) | C31: 1. ยิง DELETE /users/99999999 (ไม่มีจริง) 2. ลบนักศึกษาคนเดิมซ้ำอีกครั้ง 3. ตรวจรายการนักศึกษาคนอื่นว่าถูกกระทบหรือไม่ | D31: stu_id = "99999999" และลบซ้ำของ 66010004 | E31: ผลลัพธ์สม่ำเสมอ (สำเร็จแบบไม่ทำอะไรหรือแจ้งว่าไม่พบอย่างชัดเจน) ไม่กระทบผู้ใช้อื่น และไม่เกิด 500 ที่มี stack trace | G31: รอทดสอบ
A32: TC_ADM_030 | B32: การเพิ่มหรือลบล้มเหลว ต้องไม่รายงานว่าสำเร็จ (Negative, USR-09) | C32: 1. ตัดเครือข่ายหรือให้ DELETE /users/{id} ตอบ 500 2. กดลบและยืนยัน 3. ตรวจ toast และรายการผู้ใช้บนหน้าจอ | D32: DELETE /users/{id} ตอบ 500 | E32: ไม่แสดง toast "User deleted successfully" และรายการผู้ใช้ยังอยู่ ให้กดลองใหม่ได้ (admin/users แสดง err.response?.data?.message || 'Failed to delete user') | G32: รอทดสอบ
A33: TC_ADM_031 | B33: Reset แล้วยกเลิกการยืนยันขั้นแรกหรือขั้นที่สอง (Negative, RST-01) | C33: 1. กดปุ่ม Reset Database 2. ยกเลิกที่กล่องยืนยันขั้นแรก แล้วเริ่มใหม่และยกเลิกขั้นที่สอง 3. นับจำนวนรายการจองในฐานข้อมูล | D33: ฐานทดสอบที่มีรายการจอง 5 รายการ | E33: ไม่มีข้อมูลถูกลบเลยทั้งสองกรณี เพราะต้องยืนยันครบทั้งสองขั้นจึงจะเรียก POST /bookings/reset รายการจองยังครบ 5 รายการ | G33: รอทดสอบ
A34: TC_ADM_032 | B34: หลัง Reset ข้อมูลการจองต้องไม่ค้างทุกหน้าจอ (Positive, RST-03) | C34: 1. ยืนยัน Reset ให้สำเร็จ 2. เปิด /dashboard ของ Admin และของนักศึกษา แล้วดู availability 3. ตรวจ notifications และรายการจอง | D34: ฐานทดสอบหลัง reset (ข้อความตอบกลับ "Database reset successfully. All bookings have been cleared.") | E34: ทั้งสอง Dashboard ไม่แสดงรายการจองเดิม กระดิ่งไม่มีการแจ้งเตือนค้าง และ availability กลับมาว่างทุกช่องของวันนี้ | G34: รอทดสอบ
A35: TC_ADM_033 | B35: Reset ล้มเหลวหรือถูกเรียกพร้อมการจองหรือเช็กอิน (Edge Case, RST-04) | C35: 1. ยิง POST /bookings/reset พร้อมกับ POST /bookings และการเช็กอินในจังหวะเดียวกัน 2. ตรวจข้อมูลกำพร้า (booking ที่ไม่สมบูรณ์หรือ strikes ที่ไม่ตรงกับประวัติ) 3. เทียบข้อความสำเร็จที่แจ้งกับข้อมูลสุดท้าย | D35: reset + จอง + เช็กอิน พร้อมกัน (ฐานทดสอบ) | E35: ไม่มีข้อมูลกำพร้าและผลสุดท้ายสอดคล้องกัน (ถ้า reset สำเร็จผู้ใช้ต้องเห็นว่าไม่มีรายการ และการจองที่เข้ามาหลัง reset ต้องสมบูรณ์) ข้อความที่แจ้งต้องตรงกับข้อมูลจริง | G35: รอทดสอบ
A36: TC_ADM_034 | B36: กระดิ่งของนักศึกษาแสดงเฉพาะรายการของตน (Positive, NTF-01) | C36: 1. เตรียมนักศึกษา A 3 รายการ และนักศึกษา B 2 รายการ 2. ล็อกอิน A แล้วเปิดกระดิ่ง 3. เทียบกับผลของ GET /bookings/user-notifications | D36: A มี 3 รายการ (PENDING/CANCELLED/COMPLETED), B มี 2 รายการ | E36: A เห็นเฉพาะรายการของ A เรียงจากใหม่ไปเก่าและไม่เกิน 20 รายการตาม API (take: 20) โดยไม่มีรายการของ B ปน | G36: รอทดสอบ
A37: TC_ADM_035 | B37: ข้อความแจ้งเตือนตรงกับสถานะทั้ง 4 แบบ (Positive, NTF-03) | C37: 1. เตรียมรายการครบ PENDING, CHECKED_IN, COMPLETED และ CANCELLED ของผู้ใช้คนเดียว 2. เปิดกระดิ่ง 3. เทียบข้อความกับสถานะจริงของแต่ละรายการ | D37: 4 รายการต่างสถานะของผู้ใช้คนเดียวกัน | E37: ข้อความของแต่ละรายการตรงกับสถานะจริง ไม่ใช้ข้อความจองสำเร็จกับรายการที่ถูกยกเลิก และสี/ไอคอนแยกสถานะได้ชัดเจน (read state และความถี่อัปเดตแยกเป็นข้อ [ยืนยันกติกา] NTF-07/08) | G37: รอทดสอบ
A38: TC_ADM_036 | B38: วันนี้ถูกใช้ครบ 60 ช่อง ต้องมีข้อความสนามเต็ม (Boundary, NTF-04) | C38: 1. เตรียม fixture ให้วันนี้มี PENDING + CHECKED_IN + COMPLETED รวม 60 ช่อง 2. ล็อกอินนักศึกษาแล้วเปิดกระดิ่ง 3. ตรวจข้อความระบบและรายการทั่วไป | D38: 60 ช่อง = 4 คอร์ต x 15 รอบ (ฐานทดสอบ) | E38: นักศึกษาเห็นข้อความ "คอร์ทสำหรับวันนี้ถูกจองเต็มหมดแล้ว ขออภัยในความไม่สะดวก" (type SYSTEM, booking_id "sys-full") และรายการระบบไม่แสดงสนามหรือเวลาเป็น undefined | G38: รอทดสอบ
A39: TC_ADM_037 | B39: มีเพียง 59 ช่อง หรือเต็มในวันอื่น (Boundary, NTF-05) | C39: 1. ลด fixture เหลือ 59 ช่องของวันนี้ 2. เปิดกระดิ่ง 3. ทำซ้ำด้วยการเต็ม 60 ช่องของเมื่อวาน | D39: 59 ช่องของวันนี้ / 60 ช่องของเมื่อวาน | E39: ทั้งสองกรณีไม่มีข้อความสนามเต็ม เพราะเงื่อนไขนับเฉพาะวันนี้และต้องครบ 60 ช่องเท่านั้น | G39: รอทดสอบ
A40: TC_ADM_038 | B40: ไม่มีการแจ้งเตือน ต้องแสดง empty state (Positive, NTF-06) | C40: 1. ใช้นักศึกษาใหม่ที่ไม่มีการจอง 2. เปิดกระดิ่ง 3. ตรวจข้อความที่แสดง | D40: บัญชีนักศึกษาใหม่ (ไม่มี booking) | E40: แสดงข้อความว่างที่อ่านเข้าใจได้ ไม่ใช่กล่องเปล่าและไม่ค้างที่สถานะกำลังโหลด | G40: รอทดสอบ
... A44: TC_ADM_042 | B44: Guest เปิดหน้า /news ตามนโยบายที่ตกลง ([ยืนยันกติกา], NWS-03) | C44: 1. ออกจากระบบหรือเปิดหน้าต่างไม่ระบุตัวตน 2. เปิด /news และส่วนข่าวบนหน้าแรก 3. เทียบกับนโยบาย public/ต้องล็อกอินของทีม | D44: Guest (ไม่มี token) | E44: พฤติกรรมตรงกับนโยบายที่ทีมยืนยัน (public หรือต้องล็อกอิน) และหน้าไม่ crash — ถ้ายังไม่ตกลงให้บันทึกเป็น "ตรวจไม่ได้" | G44: รอทดสอบ

Sheet 07_REQ-UI
A1: REQ-UI: UI/UX ธีม Responsive และข้อกำหนดหน้าจอ (U01-U10, A02-A04, S05-S06)
A2: Test Case ID | B2: Test Scenario | C2: Test Steps | D2: Test Data | E2: Expected Result | F2: Actual Result | G2: Status
A3: TC_UI_001 | B3: Responsive บน PC ไม่มี scroll แนวนอน (Positive, U01) | C3: 1. เข้าสู่ระบบด้วยบัญชีนักเรียน 2. เปิดหน้า /booking และ /dashboard ที่ขนาด 1440x900 และ 1920x1080 3. ตรวจการจัดวาง | D3: ขนาดหน้าจอ 1440x900 และ 1920x1080 | E3: layout ปรับตามขนาดจออย่างถูกต้อง ไม่มี horizontal scroll และองค์ประกอบไม่ซ้อนทับกัน ตามข้อกำหนด U01 | F3: Browser/Chromium รอบเพิ่ม: dashboard/booking at 1440x900,1920x1080 no horizontal overflow; overlap not visually verified หลักฐาน: testing/evidence/qa_remaining_ui_results.json | G3: ตรวจไม่ได้
A4: TC_UI_002 | B4: ฟอนต์และข้อความภาษาไทยแสดงถูกต้อง (Positive, U01) | C4: 1. เปิดหน้า /booking /dashboard และ /register 2. ตรวจข้อความภาษาไทยและตัวเลขทั้งหมด 3. เทียบกับธีมที่ตกลง | D4: เบราว์เซอร์ Chrome/Edge บน Windows | E4: ฟอนต์ตรงกับธีมที่ตกลง ข้อความไทยแสดงครบไม่มีตัวอักษรเป็นกล่องสี่เหลี่ยมหรือถูกตัดตกขอบ | G4: รอทดสอบ
A5: TC_UI_003 | B5: หน้าจองแสดงเฉพาะวันที่ของวันนี้ (Positive, U02) | C5: 1. เปิดหน้า /booking 2. ตรวจช่องวันที่ 3. พยายามแก้ไขให้เป็นวันอื่น | D5: วันที่ปัจจุบัน (Asia/Bangkok) | E5: ช่องแสดงคำว่า "วันที่" พร้อมวันของวันนี้เท่านั้น และไม่สามารถเลือกวันล่วงหน้าได้ตามข้อกำหนด U02 | F5: Browser/Chromium: today only (UI); remaining workbook assertions not verified | G5: ตรวจไม่ได้
A6: TC_UI_004 | B6: แสดงเดือนของวันนี้โดยไม่มี dropdown (Positive, U03) | C6: 1. เปิดหน้า /booking 2. ตรวจส่วนเดือนที่แสดง 3. ตรวจว่าไม่มี dropdown เลือกเดือน | D6: เดือนของวันนี้ | E6: ระบบแสดงเดือนของวันนี้ถูกต้อง และ dropdown เลือกเดือนถูกนำออกแล้วตามข้อกำหนด U03 | F6: Browser/Chromium: current month, no dropdown (UI) | G6: ผ่าน
A7: TC_UI_005 | B7: Popup ยืนยันการจองมีข้อมูลครบ 5 ช่อง (Positive, U04) | C7: 1. เลือกคอร์ตและรอบเวลา 2. เปิดหน้าต่างยืนยันการจอง 3. ตรวจข้อมูลที่แสดงก่อนกดยืนยัน | D7: court=1, 18:00, ผู้ใช้ 66010001 | E7: Popup แสดง วันที่ เดือน คอร์ต เวลา และชื่อคนจอง ครบทั้ง 5 รายการตามข้อกำหนด U04 | G7: รอทดสอบ
A8: TC_UI_006 | B8: Dark/Light Mode บนหน้าของ User (Positive, U05) | C8: 1. เข้าสู่ระบบและสลับธีมเป็น Dark ที่หน้า /dashboard 2. ไล่เปิดหน้า /booking /scan /news และหน้า /admin/users (ถ้าสิทธิ์ Admin) 3. ตรวจหน้า /login และ /register ว่าสอดคล้องกับธีมที่บันทึกไว้ | D8: ธีม Dark และ Light | E8: หน้าที่อยู่ใน MainLayout มีปุ่มสลับธีมและเปลี่ยนสีตามทันที; หน้า /login และ /register แสดงตามธีมที่บันทึกไว้ (เวอร์ชัน dev b5877f6 ไม่มีปุ่มสลับธีมบนสองหน้านี้ — ถ้าต้องการให้มี ต้องยืนยันกติกากับทีม) | G8: รอทดสอบ
A9: TC_UI_007 | B9: ค่าธีมคงอยู่หลังรีเฟรชและข้ามหน้า (Positive, U05) | C9: 1. ตั้งธีมเป็น Dark ที่หน้า /dashboard 2. กด F5 และไปหน้า /booking 3. ตรวจธีมที่แสดง | D9: ธีม Dark | E9: ทุกหน้าจำธีมล่าสุดได้ (ไม่กลับเป็น Light เอง) และไม่เกิดการกระพริบของสีผิดธีมขณะโหลด | G9: รอทดสอบ
A10: TC_UI_008 | B10: Recent Bookings ไม่มีเครื่องหมาย × (Positive, U09) | C10: 1. เปิดหน้า /dashboard ของ User 2. ตรวจส่วน Recent Bookings ทุกรายการ 3. ตรวจช่องทางยกเลิกตาม U07 | D10: มีรายการจองอย่างน้อย 2 รายการ | E10: ไม่มีเครื่องหมาย × ตามข้อกำหนด U09 และยังมียกเลิกผ่านช่องทางที่กำหนดใน U07 ครบถ้วน | F10: Browser/Chromium: Recent Bookings visible; X absence/alternate cancel action needs separate DOM proof; remaining workbook assertions not verified | G10: ตรวจไม่ได้
A11: TC_UI_009 | B11: แจ้งเตือนผู้ใช้ครบทั้ง 3 กรณีของข้อกำหนด U10 (Positive, U10) | C11: 1. ทดสอบกรณีคอร์ต/เวลาชน 2. ทดสอบกรณีใช้โควตาวันนี้แล้ว 3. ทดสอบกรณีพยายามจองวันอื่น | D11: 3 สถานการณ์ตามข้อกำหนด U10 | E11: ทั้ง 3 กรณีมีข้อความแจ้งเตือนที่ชัดเจนและบอกสาเหตุให้ผู้ใช้เข้าใจได้ ไม่ใช่แค่ปฏิเสธเงียบ ๆ | G11: รอทดสอบ
A12: TC_UI_010 | B12: เมนูล่างของ User ครบ 4 เมนู (Positive, S05) | C12: 1. เข้าสู่ระบบด้วยบัญชีนักเรียน 2. ตรวจเมนูด้านล่างของหน้าจอ 3. กดแต่ละเมนู | D12: บัญชีนักเรียน | E12: แสดงเมนู หน้าหลัก / จองคอร์ท / สแกนเข้าสนาม / ข่าวสาร ครบทั้ง 4 และกดเข้าใช้งานได้ทุกเมนู | F12: Browser/Chromium: four student menu labels; remaining workbook assertions not verified | G12: ตรวจไม่ได้
A13: TC_UI_011 | B13: Dashboard หลักมี scroll-driven banner ตามที่ตกลง (Positive, S06) | C13: 1. เปิดหน้า Dashboard หลัก 2. เลื่อนหน้าเว็บขึ้นลง 3. ตรวจเอฟเฟกต์ของ banner | D13: เบราว์เซอร์ desktop | E13: banner แสดงและมีเอฟเฟกต์ตามที่ตกลง (อ้างอิงรูปแบบจากหน้าอ้างอิง) โดยไม่ทำให้หน้าอืดหรือกระตุก | G13: รอทดสอบ
A14: TC_UI_012 | B14: ความต่างสีของข้อความกับพื้นหลังในโหมด Dark (Positive, A03) | C14: 1. เปิดโหมด Dark 2. ตรวจข้อความบนการ์ด พื้นหลัง ปุ่ม และช่องกรอกข้อมูลทุกหน้า 3. ตรวจข้อความสถานะ/ข้อผิดพลาด | D14: โหมด Dark ทุกหน้า | E14: ข้อความทุกองค์ประกอบอ่านได้ชัดเจน ไม่มีกรณีตัวอักษรสีเดียวกับพื้นหลัง หรือข้อความจางจนอ่านไม่ออก | G14: รอทดสอบ
A15: TC_UI_013 | B15: หน้า News ใช้งานได้ทั้งสองบทบาท (Positive) | C15: 1. เข้าสู่ระบบด้วยบัญชีนักเรียน เปิดหน้า /news 2. เข้าสู่ระบบด้วยบัญชี Admin เปิดหน้า /news 3. ตรวจเนื้อหาและ layout | D15: ทั้งสองบทบาท | E15: หน้า /news แสดงผลได้ทั้งสองบทบาท ไม่มีข้อผิดพลาดบนหน้าจอ และ layout ใช้งานได้ตามธีมเดียวกัน | F15: Browser/Chromium: news renders for both roles | G15: ผ่าน
A16: TC_UI_014 | B16: ตรวจธีมและ layout หลังรวมงานสอง branch (Positive, Regression) | C16: 1. Merge งาน Admin และ User เข้า dev แล้ว 2. เปิดทุกหน้าทั้งสองบทบาท 3. สลับธีมและตรวจ layout | D16: branch dev ที่รวมงานแล้ว | E16: ทุกหน้ายังทำงานได้หลังรวมงาน ธีมเปลี่ยนได้จริงทั้งสองบทบาท และไม่มี style ของฝั่งใดฝั่งหนึ่งทับอีกฝั่ง | G16: รอทดสอบ
A17: TC_UI_015 | B17: Responsive หลายขนาดหน้าจอ (Positive, U01) | C17: 1. เปิดหน้า /dashboard /booking /scan /admin/users 2. ปรับขนาดหน้าจอเป็น 320, 375, 768, 1024 และ 1440 px 3. ตรวจว่าองค์ประกอบสำคัญไม่ล้นหรือถูกบัง | D17: ขนาดหน้าจอ 320/375/768/1024/1440 px | E17: ทุกขนาดใช้งานได้ ไม่มีเนื้อหาหรือปุ่มสำคัญล้นออกนอกจอหรือถูกบัง และข้อความไทยไม่ถูกตัดตกขอบ | G17: รอทดสอบ
A18: TC_UI_016 | B18: หน้า /booking แสดงกติกาและปิดได้ (Positive, AVA-01) | C18: 1. เปิดหน้า /booking 2. เปิดหน้าต่างกติกาการจองและอ่านเนื้อหา 3. ปิดหน้าต่างแล้วตรวจว่ายังใช้งานหน้าจองต่อได้ | D18: เปิดหน้า /booking ปกติ | E18: หน้าจองมีปุ่ม/หน้าต่างแสดงกติกา (โควตา เส้นตาย 15 นาที การยกเลิก) ปิดได้ และเนื้อหาตรงกับกติกาที่ backend บังคับใช้จริง | F18: Browser/Chromium รอบเพิ่ม: auto-open modal: quota/15-minute/24-hour text; close and booking page remains usable; backend policy text not independently verified หลักฐาน: testing/evidence/qa_remaining_ui_results.json | G18: ตรวจไม่ได้
A19: TC_UI_017 | B19: ข้อความและวันที่บนหน้าจอไม่ขัดกับกติกา (Positive, UI-13) | C19: 1. ตรวจข้อความไทย/อังกฤษ ชื่อเดือน วันที่ และคำอธิบายกติกาทุกหน้าหลัก 2. เทียบกับกติกาในชีต 10_Rules_dev 3. ตรวจว่าวันที่แสดงเป็นวันของไทย (Asia/Bangkok) | D19: ทุกหน้าหลักของทั้งสองบทบาท | E19: ข้อความ วันที่ และคำอธิบายกติกาตรงกับพฤติกรรมจริงของระบบ ไม่มีอักขระเสีย และวันที่ตรงกับวันไทยแม้เครื่องตั้ง timezone อื่น | G19: รอทดสอบ
A20: TC_UI_018 | B20: สถานะว่างและสถานะผิดพลาดบน Dashboard (Edge Case, DSH-01/DSH-08) | C20: 1. เข้าสู่ระบบด้วยบัญชีที่ยังไม่มีการจอง → ตรวจ empty state 2. จำลองให้ API โหลดรายการล้มเหลว (ตัดเครือข่าย) 3. ตรวจข้อความและปุ่มที่แสดง | D20: บัญชีใหม่ และกรณี API ล้มเหลว | E20: กรณีไม่มีข้อมูลแสดง empty state พร้อมทางไปจองคอร์ต และกรณีโหลดล้มเหลวไม่แสดงว่าผู้ใช้ไม่มีการจอง แต่แจ้งข้อผิดพลาดและให้ลองใหม่ได้ | G20: รอทดสอบ
A21: TC_UI_019 | B21: ไอคอน Material Symbols แสดงถูกต้องทุกหน้า (Positive, dev 0fcde23) | C21: 1. เปิดหน้า /dashboard /booking /scan /news /admin/users 2. ตรวจไอคอนทุกจุด เช่น เมนู กระดิ่ง แบดมินตัน QR สถานะ 3. ทดสอบซ้ำบน Safari มือถือ (iOS) และขนาดจอเล็ก | D21: Chrome/Edge บน desktop และ Safari บน iOS | E21: ไอคอนแสดงเป็นรูปสัญลักษณ์ครบทุกจุด ไม่ปรากฏเป็นข้อความตัวอักษร เช่น menu, person, qr_code_scanner และไม่หายหลังเปลี่ยนธีมหรือบน Safari มือถือ (ไอคอนโหลดจากแพ็กเกจ material-symbols ในโปรเจกต์แล้ว) | G21: รอทดสอบ
A22: TC_UI_020 | B22: ฟอนต์และไอคอนแสดงได้โดยไม่ต้องพึ่ง CDN ภายนอก (Positive, dev 0fcde23) | C22: 1. เปิด Developer Tools > Network แล้วบันทึกว่าโหลดจากโดเมนใด 2. บล็อก/ตัดการเชื่อมต่อโดเมนภายนอก (Google Fonts, รูป CDN) 3. เปิดหน้าใหม่และตรวจเนื้อหาหลัก ฟอนต์ และไอคอน | D22: การเชื่อมต่อโดเมน CDN ภายนอกถูกบล็อก | E22: ฟอนต์และไอคอนที่โหลดจากในโปรเจกต์ยังแสดงผลปกติ เนื้อหาหลักอ่านได้และใช้งานฟังก์ชันได้ แม้รูปภาพจาก CDN ภายนอกจะโหลดไม่ได้ (มี alt/พื้นที่ว่างที่จัดวางถูกต้อง) | G22: รอทดสอบ
A23: TC_UI_021 | B23: ข้อมูลการจองบน Dashboard ตรงกับฐานข้อมูล (Positive, DSH-02) | C23: 1. ล็อกอินนักศึกษาที่มีรายการจองของวันนี้ 2. เปิด /dashboard ดูการ์ดการจอง 3. เทียบชื่อสนาม วัน เวลา สถานะ และ booking ID กับผลของ GET /bookings/me | D23: นักศึกษา A มี 1 รายการ Court 3, 18:00-19:00, PENDING | E23: ทุกช่องที่แสดงตรงกับข้อมูลจาก /bookings/me และรูปแบบวันที่/เวลาเป็นภาษาไทยที่อ่านถูกต้อง ไม่มีช่องใดแสดงค่าว่างหรือค่าผิดพลาด | G23: รอทดสอบ
A24: TC_UI_022 | B24: ประวัติการจองหลายวันเรียงลำดับถูกต้อง (Positive, DSH-03) | C24: 1. เตรียม fixture 4 รายการต่างวันและต่างเวลา 2. เปิดส่วน Recent Bookings บน /dashboard 3. เทียบลำดับกับคำตอบของ /bookings/me | D24: 4 รายการ: วันนี้ 20:00, วันนี้ 09:00, เมื่อวาน 18:00, เมื่อวาน 08:00 | E24: ลำดับที่แสดงตรงกับลำดับจาก backend (ใหม่ไปเก่าตามที่กำหนดใน service) และไม่สลับเมื่อมีการเพิ่มรายการใหม่หรือรีเฟรชหน้า | G24: รอทดสอบ
A25: TC_UI_023 | B25: badge สี และปุ่มตามสถานะทั้ง 4 แบบ (Positive, DSH-04) | C25: 1. เตรียม fixture ครบ 4 สถานะของผู้ใช้คนเดียว 2. เปิด /dashboard ในโหมด Light และ Dark 3. ตรวจ badge ข้อความ สี และปุ่มที่แสดงของแต่ละรายการ | D25: PENDING, CHECKED_IN, COMPLETED, CANCELLED ของผู้ใช้คนเดียว | E25: แต่ละสถานะแยกกันได้ชัดเจนด้วยข้อความและสี และปุ่มที่แสดงตรงกับสิ่งที่ทำได้จริง (ปุ่มยกเลิกมีเฉพาะ PENDING, ปุ่มเช็กอินมีเฉพาะ PENDING ในช่วงเวลาที่อนุญาต) | G25: รอทดสอบ
A26: TC_UI_024 | B26: countdown ถึงเวลาสิ้นสุดรอบเดิม (Boundary, DSH-05) | C26: 1. ให้มีรายการที่เช็กอินกลางรอบ (10:00-11:00 จองตอน 10:30) 2. เปิด /dashboard แล้วดู countdown 3. ทิ้งหน้าไว้ข้ามเวลาสิ้นสุดรอบ | D26: รายการ 10:00-11:00 ที่เช็กอินเวลา 10:30 | E26: countdown นับถึง 11:00 ตามเวลาสิ้นสุดรอบเดิม (ไม่ขยายเป็น 11:30 ให้ 1 ชั่วโมงจากเวลาที่เช็กอิน) ไม่ติดลบและไม่แสดง NaN แม้เปิดหน้าไว้นาน (dashboard คำนวณจาก time_out) | G26: รอทดสอบ
A27: TC_UI_025 | B27: รีเฟรชหลังจอง ยกเลิก และเช็กอิน (Positive, DSH-06) | C27: 1. จองคอร์ตใหม่แล้วกด refresh 2. ยกเลิกรายการแล้วกด refresh 3. เช็กอินแล้วกด refresh ตรวจสถานะที่แสดงทุกครั้ง | D27: ผู้ใช้คนเดียว ทำ 3 เหตุการณ์ต่อเนื่อง | E27: สถานะบน Dashboard ตรงกับ /bookings/me ทุกครั้งหลังรีเฟรช ไม่ค้างสถานะเก่า และไม่ต้องล้าง cache ของเบราว์เซอร์ | G27: รอทดสอบ
A28: TC_UI_026 | B28: ชื่อยาว ภาษาไทย หรือข้อมูลบางช่องหาย (Edge Case, DSH-07) | C28: 1. เตรียมผู้ใช้ชื่อไทยยาวหลายคำ 2. เตรียมรายการที่ฟิลด์บางช่องว่าง (เช่น major หรือ admin) 3. เปิด /dashboard บนจอเล็กและจอใหญ่ | D28: ชื่อ "นางสาวศิริพร พรรณรายณ์ อุบลวรรณ", รายการที่ major ว่าง | E28: layout ไม่พัง ข้อความตัดบรรทัดหรือย่ออย่างเหมาะสม และไม่แสดง undefined หรือ null ให้ผู้ใช้เห็น | G28: รอทดสอบ
A29: TC_UI_027 | B29: เปิดทุกหน้าตามสิทธิ์แล้วไม่มีหน้าขาวหรือ 404 ที่ไม่ตั้งใจ (Positive, UI-01) | C29: 1. เปิด /, /login, /register, /dashboard, /booking, /booking/select-court, /scan, /news ด้วยบัญชีนักศึกษา 2. ทำซ้ำกับ /admin/users และ Dashboard ด้วยบัญชี Admin 3. ตรวจ console และหน้าจอของทุกหน้า | D29: บัญชี STUDENT และ ADMIN (ฐานทดสอบ) | E29: ทุกหน้าที่มีสิทธิ์เปิดได้ครบ ไม่มีหน้าขาวหรือ 404 ที่ไม่ตั้งใจ และหน้าจอง/สแกนของ Admin ถูกพากลับตาม flow ปัจจุบันโดยไม่พังหน้า | G29: รอทดสอบ
A30: TC_UI_028 | B30: มือถือแนวนอนและ zoom 200% (Edge Case, UI-06) | C30: 1. หมุนจอเป็นแนวนอน 2. ซูม 200% 3. ทำ flow สมัคร จอง ยกเลิก และเช็กอิน | D30: 375x667 และ 812x375, zoom 200% | E30: ทำ flow หลักได้ครบ ปุ่มและช่องกรอกไม่ถูกบังหรือล้นออกนอกจอ และเลื่อนหน้าจอได้ตามปกติ | G30: รอทดสอบ
... A35: TC_UI_033 | B35: Error boundary เมื่อเกิด render error (Negative, UI-14) | C35: 1. เปิด /dashboard และ /admin/users 2. จำลองให้ component โยน error ระหว่าง render 3. ตรวจหน้าจอที่แสดงและข้อมูลที่เผยออกมา | D35: จำลอง render error ในหน้า Dashboard | E35: แสดง error boundary พร้อมทางให้ลองใหม่หรือกลับหน้าปลอดภัย (โปรเจกต์มี error.tsx ที่ app/, dashboard/ และ admin/users) และไม่เผย stack trace หรือรายละเอียดภายในให้ผู้ใช้ | G35: รอทดสอบ

Sheet 08_REQ-SEC
A1: REQ-SEC: ความปลอดภัย การยืนยันสิทธิ์ และความเป็นเจ้าของข้อมูล
A2: Test Case ID | B2: Test Scenario | C2: Test Steps | D2: Test Data | E2: Expected Result | F2: Actual Result | G2: Status
A3: TC_SEC_001 | B3: เรียก API ที่ต้องยืนยันตัวตนโดยไม่มี token (Negative) | C3: 1. ไม่เข้าสู่ระบบ 2. เรียก GET /bookings/me โดยไม่มี header Authorization 3. ตรวจผลลัพธ์ | D3: ไม่มี token | E3: ระบบตอบกลับ 401 Unauthorized และไม่คืนข้อมูลใด ๆ | F3: API/MySQL: 401 guest | G3: ผ่าน
A4: TC_SEC_002 | B4: ใช้ token ที่ถูกแก้ไขหรือปลอม (Negative) | C4: 1. นำ token ที่ได้จากการเข้าสู่ระบบมาแก้ payload (เช่น เปลี่ยน role เป็น ADMIN) 2. เรียก GET /users 3. ตรวจผลลัพธ์ | D4: token ที่ลายเซ็นไม่ตรง | E4: ระบบตอบกลับ 401 และไม่ยอมรับสิทธิ์ตาม payload ที่ถูกแก้ | F4: API/MySQL: 401 modified signature | G4: ผ่าน
A5: TC_SEC_003 | B5: ใช้ token ที่หมดอายุ (Boundary) | C5: 1. เข้าสู่ระบบและรอจน token หมดอายุ 2. เรียก API ที่ต้องยืนยันตัวตน 3. ตรวจผลลัพธ์และหน้าจอ | D5: token ที่หมดอายุ | E5: ระบบตอบกลับ 401 และหน้าเว็บพากลับไปให้เข้าสู่ระบบใหม่ ไม่ค้างอยู่ที่หน้าข้อมูลเดิม | G5: รอทดสอบ
A6: TC_SEC_004 | B6: ผู้ใช้ทั่วไปเรียกดูรายการจองทั้งหมดของระบบ (Negative) | C6: 1. เข้าสู่ระบบด้วยบัญชีนักเรียน 2. เรียก GET /bookings (รายการของทุกคน) 3. ตรวจผลลัพธ์ | D6: token ของนักเรียน | E6: ระบบตอบกลับ 403 Forbidden เพราะ endpoint นี้จำกัดสิทธิ์เฉพาะ Admin | F6: API/MySQL: 403 role boundary | G6: ผ่าน
A7: TC_SEC_005 | B7: ผู้ใช้ทั่วไปเรียกดูรายชื่อผู้ใช้ทั้งหมด (Negative) | C7: 1. เข้าสู่ระบบด้วยบัญชีนักเรียน 2. เรียก GET /users 3. ตรวจผลลัพธ์ | D7: token ของนักเรียน | E7: ระบบตอบกลับ 403 และไม่เปิดเผยข้อมูลผู้ใช้อื่น | F7: API/MySQL: 403, no other students | G7: ผ่าน
A8: TC_SEC_006 | B8: ผู้ใช้ทั่วไปเรียกปุ่มจบการใช้งานของ Admin (Negative) | C8: 1. เข้าสู่ระบบด้วยบัญชีนักเรียน 2. เรียก POST /bookings/{id}/finish 3. ตรวจผลลัพธ์ | D8: token ของนักเรียน + booking id | E8: ระบบตอบกลับ 403 และสถานะการจองไม่เปลี่ยน | F8: API/MySQL: student cannot finish | G8: ผ่าน
A9: TC_SEC_007 | B9: ผู้ใช้ทั่วไปเรียกฟังก์ชัน Reset Database (Negative) | C9: 1. เข้าสู่ระบบด้วยบัญชีนักเรียน 2. เรียก POST /bookings/reset 3. ตรวจผลลัพธ์ | D9: token ของนักเรียน | E9: ระบบตอบกลับ 403 และข้อมูลการจองยังอยู่ครบ (ไม่ถูกลบ) | F9: API/MySQL: 403, no mutation | G9: ผ่าน
A10: TC_SEC_008 | B10: ผู้ใช้เห็นเฉพาะรายการจองของตนเอง (Positive) | C10: 1. เข้าสู่ระบบด้วยบัญชี A และสร้างรายการจอง 2. เข้าสู่ระบบด้วยบัญชี B แล้วเรียก GET /bookings/me 3. ตรวจรายการที่ได้ | D10: ผู้ใช้ A และ B | E10: บัญชี B เห็นเฉพาะรายการของตนเอง ไม่มีรายการของ A ปะปน | F10: API/MySQL: B sees no A bookings | G10: ผ่าน
A11: TC_SEC_009 | B11: เรียก /bookings/me โดยไม่มีรหัสนักศึกษาใน token (Negative, Regression) | C11: 1. สร้าง token ที่ไม่มีค่ารหัสนักศึกษา (stu_id ว่าง) 2. เรียก GET /bookings/me 3. ตรวจผลลัพธ์ | D11: token ที่ไม่มีค่า sub/stu_id | E11: ระบบคืนรายการว่าง ([]) ไม่คืนรายการจองของทุกคนในระบบ และไม่เกิดข้อผิดพลาด 500 | F11: API/MySQL: signed QA JWT missing sub returned [] (no all-user leak) | G11: ผ่าน
A12: TC_SEC_010 | B12: ข้อมูลรหัสผ่านไม่ถูกส่งกลับในคำตอบของ API (Positive) | C12: 1. เรียก POST /auth/login และ POST /auth/register 2. ตรวจโครงสร้างข้อมูลที่ตอบกลับ 3. ตรวจในเครื่องมือ Network | D12: บัญชีทดสอบ | E12: คำตอบไม่มีฟิลด์รหัสผ่านหรือค่าแฮชของรหัสผ่าน และไม่มีการบันทึกรหัสผ่านลง console หรือ log | F12: API/MySQL: login response has no password/hash Only some workbook assertions were exercised. | G12: ตรวจไม่ได้
A13: TC_SEC_011 | B13: การเข้าถึงไฟล์และข้อมูลผ่านเบราว์เซอร์ (Positive) | C13: 1. เปิด Developer Tools > Application 2. ตรวจค่าที่เก็บใน localStorage 3. ตรวจว่าไม่มีการเก็บรหัสผ่านไว้ | D13: หลังเข้าสู่ระบบ | E13: localStorage เก็บเฉพาะ token และข้อมูลผู้ใช้ที่ไม่ลับ และไม่มีรหัสผ่านถูกเก็บไว้ที่ฝั่งเบราว์เซอร์ | F13: Browser/Chromium รอบเพิ่ม: localStorage keys=token,user; user fields=id,name,role,username; no password หลักฐาน: testing/evidence/qa_remaining_ui_results.json | G13: ผ่าน
A14: TC_SEC_012 | B14: token หมดอายุระหว่างใช้งาน ต้องล้าง session และกลับหน้า login ครั้งเดียว (Positive, dev) | C14: 1. เข้าสู่ระบบแล้วปล่อยให้ token หมดอายุ (อายุ 1 วัน) หรือแก้ให้หมดอายุ 2. เรียกหน้าที่ต้องยืนยันตัวตน 3. ตรวจผลบนหน้าจอและค่าใน localStorage | D14: token ที่หมดอายุ (JWT อายุ 1d) | E14: ระบบลบ token/user ออกจาก localStorage และพากลับไปหน้า /login เพียงครั้งเดียว ไม่เกิดการ redirect วนซ้ำหรือคำขอไม่สิ้นสุด | G14: รอทดสอบ
A15: TC_SEC_013 | B15: 401 จากหน้า login/register ต้องไม่ถูกล้าง session (Positive, dev) | C15: 1. เปิดหน้า /login แล้วกรอกรหัสผ่านผิด (ได้ 401) 2. ทดสอบซ้ำที่หน้า /register ด้วยข้อมูลที่ถูกปฏิเสธ 3. ตรวจข้อความบนฟอร์มและค่าใน localStorage | D15: คำขอ POST /auth/login และ /auth/register ที่ตอบ 401/400 | E15: ฟอร์มยังแสดงข้อความข้อผิดพลาดจากเซิร์ฟเวอร์ได้ตามปกติ และไม่ถูกจัดการเป็นกรณี session หมดอายุ | G15: รอทดสอบ
A16: TC_SEC_014 | B16: 403/500 หรือเครือข่ายล้มเหลว ต้องไม่ล้าง session ที่ยังใช้ได้ (Negative, dev) | C16: 1. เข้าสู่ระบบและเรียก endpoint ที่ตอบ 403 (เช่น ใช้ token นักศึกษาเรียก GET /users) 2. จำลองให้ API ตอบ 500 และตัดเครือข่าย 3. ตรวจว่า session ยังอยู่และใช้งานต่อได้ | D16: กรณี 403, 500 และ network error | E16: ระบบไม่ลบ token/user และไม่พาออกจากระบบ เพราะเป็นข้อผิดพลาดอื่นที่ไม่ใช่ 401 ผู้ใช้ยังใช้งานต่อได้ | G16: รอทดสอบ
A17: TC_SEC_015 | B17: 401 จากคำขอเก่ามาหลังเข้าสู่ระบบใหม่ ต้องไม่ลบ session ใหม่ (Edge Case, dev) | C17: 1. เปิดคำขอที่ค้างอยู่ด้วย token เก่า 2. เข้าสู่ระบบใหม่ให้ได้ token ใหม่ 3. ให้คำขอเก่าตอบ 401 หลังล็อกอินใหม่ | D17: คำขอเก่าที่ตอบ 401 หลังมี session ใหม่ | E17: session ใหม่ยังอยู่ ไม่ถูกลบ และไม่ถูกพาออกจากระบบ (ระบบเทียบ token ที่แนบมากับ token ปัจจุบันก่อนล้าง session) | G17: รอทดสอบ
A18: TC_SEC_016 | B18: คำตอบของ API ที่มี relations ต้องไม่มีรหัสผ่าน (Positive, SEC-01) | C18: 1. เรียก GET /bookings (Admin) และ GET /bookings/me 2. ตรวจข้อมูล student/admin ที่แนบมาในคำตอบ 3. ตรวจในเครื่องมือ Network และไฟล์ log | D18: คำตอบที่มี nested student/admin | E18: ไม่มีฟิลด์ password หรือค่าแฮชในคำตอบใด ๆ และไม่มีการบันทึก token/รหัสผ่านลง console หรือ log | F18: API/MySQL: The expression evaluated to a falsy value: assert.ok(!/"password"\s*:/.test(JSON.stringify(r.json))) | G18: ไม่ผ่าน
A19: TC_SEC_017 | B19: Guest เปิดหน้าป้องกันโดยตรง (Negative, ACL-01) | C19: 1. ล้าง token ใน localStorage แล้วเปิด /dashboard, /booking, /booking/select-court, /scan และ /admin/users โดยตรง 2. ตรวจว่าถูกพาไป /login 3. ตรวจว่าไม่เห็นข้อมูลส่วนตัวระหว่างเปลี่ยนหน้า | D19: Guest (ไม่มี token) | E19: ทุกหน้าถูกพาไป /login ก่อนแสดงเนื้อหา และไม่มีข้อมูลผู้ใช้ รายการจอง หรือชื่อนักศึกษาแสดงออกมาระหว่างการเปลี่ยนหน้า | F19: Browser/Chromium: guest four protected pages redirect to login; remaining workbook assertions not verified | G19: ตรวจไม่ได้
A20: TC_SEC_018 | B20: STUDENT เปิดหน้าของผู้ดูแลโดยตรง (Negative, ACL-02) | C20: 1. ล็อกอินด้วยบัญชีนักศึกษา 2. พิมพ์ URL /admin/users แล้ว Enter 3. ตรวจหน้าจอและคำขอที่ยิงออกไป | D20: บัญชี STUDENT | E20: ไม่เห็นหน้าจอหรือข้อมูลผู้ดูแล (ถูกพากลับ Dashboard หรือแสดงว่าไม่มีสิทธิ์) และคำขอ GET /users ที่ยิงออกได้ 403 | F20: Browser/Chromium: STUDENT admin/users redirect + API 403 | G20: ผ่าน
A21: TC_SEC_019 | B21: แก้ role หรือ stu_id ใน localStorage หรือส่ง stu_id ของผู้อื่นใน body (Negative, ACL-07) | C21: 1. ล็อกอิน A แล้วแก้ localStorage user เป็น role ADMIN 2. เปิดหน้าที่สงวนไว้สำหรับ Admin 3. ส่ง stu_id ของ B ใน body ของ POST /bookings | D21: user.role = "ADMIN" และ body { stu_id: <B>, courtId: 1, date: <วันนี้>, startTime: "18:00" } | E21: backend ยึดตัวตนจาก token เท่านั้น (RolesGuard และ req.user.userId) จึงได้ 403 สำหรับการกระทำของ Admin และการจองที่สร้างต้องผูกกับ A ไม่ใช่ B | G21: รอทดสอบ
A22: TC_SEC_020 | B22: เรียก availability แบบ Guest (Positive, ACL-09) | C22: 1. ไม่ส่ง token แล้วเรียก GET /courts/availability?date=<วันนี้> 2. ตรวจโครงสร้างคำตอบ 3. มองหาข้อมูลส่วนตัวของผู้จองในคำตอบ | D22: Guest, date = วันนี้ | E22: อ่านสถานะสนามได้ตาม API ปัจจุบัน แต่คำตอบไม่มีชื่อ เบอร์โทร email หรือ token ของผู้จอง (ปัจจุบันคืนเฉพาะ id, start_time, end_time, status) | F22: API/MySQL: 4 courts, no PII in public availability | G22: ผ่าน
A23: TC_SEC_021 | B23: ใส่ HTML หรือ script ในชื่อและ username (Negative, SEC-03) | C23: 1. สร้างผู้ใช้ที่ name = "<script>alert(1)</script>teetest" 2. เปิด /dashboard และ /admin/users 3. ตรวจ DOM และ console ว่ามีสคริปต์ถูก execute หรือไม่ | D23: name = "<script>alert(1)</script>teetest" | E23: แสดงเป็นข้อความธรรมดา ไม่มีสคริปต์ถูก execute (ไม่เกิด alert) และ layout ไม่พัง — ต้องยืนยันว่าไม่มีจุดใดใช้ dangerouslySetInnerHTML | G23: รอทดสอบ
A24: TC_SEC_022 | B24: ส่ง SQL-like input ผ่าน login, ID และ query (Negative, SEC-04) | C24: 1. ล็อกอินด้วย username = "' OR 1=1 --" 2. เรียก /bookings/me ด้วย query ที่มีอักขระ SQL 3. ตรวจผลลัพธ์และข้อความ error ที่ส่งกลับ | D24: username = "' OR 1=1 --", query "?id=' OR '1'='1" | E24: ไม่ข้ามการยืนยันตัวตน ไม่คืนข้อมูลเกินขอบเขตของผู้ใช้ และไม่มีข้อความ error ที่เปิดเผยโครงสร้าง SQL (TypeORM ใช้ parameterized query จึงคาดว่าไม่ถูก inject) | F24: API/MySQL: SQL-like login stays 401 | G24: ผ่าน
A25: TC_SEC_023 | B25: ตรวจ production config และ JWT secret (Negative, SEC-06) | C25: 1. ตรวจ .env/.env.example และตัวแปรที่ใช้ deploy 2. ตรวจว่ามีบัญชี seed ที่รหัสผ่านเดาง่ายหรือไม่ 3. ลองล็อกอินบัญชี seed บน environment เป้าหมาย | D25: production env, บัญชี admin/testuser ที่ถูก seed | E25: ไม่มีบัญชี seed ที่รหัสผ่านเดาง่ายและใช้เข้าได้บน production และ JWT secret ไม่ใช้ค่า hard-coded สำหรับพัฒนา (ต้องยืนยันกับผู้ดูแล deploy ก่อนตัดสิน) | G25: รอทดสอบ
A26: TC_SEC_024 | B26: ล็อกอินผิดซ้ำตามขอบเขตที่ตกลง (Negative, SEC-07) | C26: 1. ยิง POST /auth/login ด้วยรหัสผ่านผิด 20 ครั้งติดกัน 2. ตรวจรหัสสถานะและข้อความที่ตอบกลับ 3. ตรวจว่าระบบยังให้บริการผู้ใช้อื่นได้ตามปกติ | D26: username เดิม, รหัสผ่านผิด 20 ครั้งติดกัน | E26: มีมาตรการจำกัดความพยายามตามนโยบายที่ตกลง (เช่น 429 หรือหน่วงเวลา) และไม่ทำให้ระบบหยุดบริการคนอื่น — ถ้ายังไม่มีนโยบาย ให้บันทึกเป็นข้อเสนอและใช้ "ตรวจไม่ได้" | G26: รอทดสอบ
A27: TC_SEC_025 | B27: ตรวจ token และข้อมูลส่วนตัวใน URL, console และ log (Negative, SEC-08) | C27: 1. ล็อกอินแล้วทำ flow หลักโดยเปิด DevTools 2. ตรวจ URL, console และ Network 3. ตรวจ log ของ backend ในช่วงเดียวกัน | D27: บัญชีทดสอบ, เปิด Network + Console | E27: ไม่พบ token หรือ password ใน URL, console หรือ log ของ backend และหน้า error ไม่แสดงข้อมูลส่วนตัวเกินจำเป็น | G27: รอทดสอบ
A28: TC_SEC_026 | B28: HTTPS และ mixed content (Positive, SEC-09) | C28: 1. เปิด environment เป้าหมายผ่าน HTTPS 2. ตรวจ console ว่ามี mixed content หรือไม่ 3. ตรวจว่าคำขอล็อกอินส่งผ่าน HTTPS | D28: โดเมนที่ deploy จริง (HTTPS) | E28: ไม่มี mixed content และข้อมูลล็อกอินไม่ถูกส่งผ่าน HTTP โดยเบราว์เซอร์ไม่ขึ้นเตือนว่าไม่ปลอดภัย | G28: รอทดสอบ
A29: TC_SEC_027 | B29: ใช้ QR ที่ถ่ายภาพไว้หรือสร้างเลขสนามเอง ([ยืนยันกติกา], SEC-10) | C29: 1. ถ่ายรูป QR ของคอร์ต 1 เก็บไว้ 2. กลับไปสแกนรูปนั้นจากที่อื่น (หรือสร้าง QR ที่มีค่า "1" เอง) 3. ตรวจว่ามีการพิสูจน์ตัวตนหน้างานหรือไม่ | D29: รูป QR ที่ถ่ายไว้ และ QR ที่สร้างใหม่มีค่า "1" | E29: ต้องประเมินว่าระบบต้องพิสูจน์ว่าผู้ใช้อยู่หน้างานหรือยอมรับ QR คงที่ได้ — ปัจจุบันเป็น QR คงที่ตามหมายเลขคอร์ตและฝั่งหน้าจอใช้ parseInt กับข้อความที่อ่านได้ จึงต้องให้ทีมยืนยันนโยบายก่อนตัดสินผ่าน/ไม่ผ่าน | G29: รอทดสอบ
A30: TC_SEC_028 | B30: นำ token เดิมมาเรียก API หลัง logout ([ยืนยันกติกา], SEC-11) | C30: 1. ล็อกอินและบันทึก token ไว้ 2. กด logout แล้วเรียก GET /bookings/me ด้วย token เดิม 3. เทียบผลกับนโยบายการเพิกถอน token | D30: token ที่บันทึกไว้ก่อน logout | E30: ผลตรงกับนโยบายที่กำหนด — JWT มีอายุ 1 วันและยังไม่มี blacklist ฝั่งเซิร์ฟเวอร์ token เดิมจึงยังใช้ได้จนหมดอายุ ต้องให้ทีมยืนยันว่ายอมรับได้หรือต้องเพิ่มการเพิกถอน (การลบ localStorage อย่างเดียวไม่ใช่ server revocation) | G30: รอทดสอบ

Sheet 09_REQ-CONC
A1: REQ-CONC: คำขอพร้อมกันและความถูกต้องของข้อมูล (S01, S02)
A2: Test Case ID | B2: Test Scenario | C2: Test Steps | D2: Test Data | E2: Expected Result | F2: Actual Result | G2: Status
A3: TC_CONC_001 | B3: ผู้ใช้สองคนจองคอร์ตเดียวกันเวลาเดียวกันพร้อมกัน (Concurrency) | C3: 1. เตรียม 2 session ผู้ใช้ต่างคน (A และ B) 2. ยิง POST /bookings คอร์ต 1 เวลา 18:00 พร้อมกัน 3. ตรวจผลลัพธ์ทั้งสองคำขอ | D3: court=1, startTime=18:00, ยิงพร้อมกัน | E3: คำขอหนึ่งสำเร็จ (201) อีกคำขอถูกปฏิเสธ 400 ด้วยข้อความว่าคอร์ตถูกจองแล้ว และไม่มีข้อผิดพลาด 500 หรือ lock error | F3: API/MySQL: two users, statuses 201/400, one booking | G3: ผ่าน
A4: TC_CONC_002 | B4: ผู้ใช้คนเดียวส่งคำขอจองสองคอร์ตพร้อมกัน (Concurrency) | C4: 1. ใช้ token เดียวกันยิง POST /bookings คอร์ต 1 เวลา 18:00 และคอร์ต 2 เวลา 20:00 พร้อมกัน 2. ตรวจจำนวนรายการที่ถูกสร้าง | D4: ผู้ใช้เดียวกัน ยิง 2 คำขอพร้อมกัน | E4: มีรายการสำเร็จเพียง 1 รายการ อีกคำขอถูกปฏิเสธด้วยเหตุผลโควตารายวัน และไม่มี transaction error | F4: API/MySQL: same user, one booking 201/400 | G4: ผ่าน
A5: TC_CONC_003 | B5: กดปุ่มจองซ้ำอย่างรวดเร็ว (Edge Case) | C5: 1. เลือกคอร์ตและรอบเวลา 2. กดปุ่มยืนยันการจองรัว ๆ หลายครั้งติดกัน 3. ตรวจจำนวนรายการที่ถูกสร้าง | D5: กดปุ่ม 5 ครั้งติดกัน | E5: ระบบสร้างรายการจองเพียง 1 รายการ (มีตัวกันการส่งซ้ำที่ฝั่งหน้าจอและฝั่งเซิร์ฟเวอร์) | G5: รอทดสอบ
A6: TC_CONC_004 | B6: ผู้ใช้กดยกเลิกพร้อมกับงานอัตโนมัติ (Concurrency, S02) | C6: 1. มีรายการ PENDING ที่กำลังจะถึงเส้นตาย 2. ให้ cron ทำงานและผู้ใช้กดยกเลิกในจังหวะเดียวกัน 3. ตรวจสถานะและ strikes | D6: booking 1 รายการ ใกล้เส้นตาย | E6: การจองถูกยกเลิกและ strikes เพิ่มเพียง 1 ครั้ง ไม่นับซ้ำ และไม่มี transaction error | G6: รอทดสอบ
A7: TC_CONC_005 | B7: ลองส่งคำขอเดิมซ้ำหลังเกิดข้อผิดพลาดในการบันทึก (Edge Case, S02) | C7: 1. จำลองให้การบันทึกล้มกลางทาง 2. ส่งคำขอเดิมซ้ำอีกครั้ง 3. ตรวจจำนวนความผิดและรายการที่บันทึก | D7: คำขอเดิมส่งซ้ำ 1 ครั้ง | E7: ไม่มีการนับความผิดซ้ำและไม่มีการสร้างรายการจองซ้ำ (ผลลัพธ์สุดท้ายเทียบเท่าส่งครั้งเดียว) | G7: รอทดสอบ
A8: TC_CONC_006 | B8: งานอัตโนมัติหลายรอบพร้อมกัน (Concurrency) | C8: 1. ให้มีรายการค้างหลายรายการ 2. เรียกงานอัตโนมัติพร้อมกันมากกว่า 1 รอบ (หรือรันหลาย process/worker) 3. ตรวจจำนวนความผิดของแต่ละรายการ | D8: รายการค้าง 3 รายการ | E8: แต่ละรายการถูกนับความผิด 1 ครั้งเท่านั้น แม้ประมวลผลพร้อมกัน (ต้องยืนยันว่ากลไกกันงานซ้ำยังใช้ได้เมื่อมากกว่า 1 process) | G8: รอทดสอบ
A9: TC_CONC_007 | B9: ผู้ใช้ต่างคนจองคนละคอร์ตคนละเวลา (Positive, Concurrency) | C9: 1. ยิงคำขอจองพร้อมกัน 2 คำขอที่คอร์ตและเวลาไม่ทับซ้อนกัน 2. ตรวจผลลัพธ์ | D9: court=1 เวลา 18:00, court=2 เวลา 20:00 | E9: ทั้งสองคำขอสำเร็จ (201) และบันทึกข้อมูลครบถ้วน | F9: API/MySQL: independent courts/users both 201 | G9: ผ่าน
A10: TC_CONC_008 | B10: จองจนเต็มทุกสล็อตของวันแล้วระบบแจ้งเตือน (Boundary) | C10: 1. จองให้ครบ 60 สล็อตของวัน (4 คอร์ต x 15 รอบ) 2. เปิดหน้า /dashboard ของผู้ใช้ 3. ตรวจการแจ้งเตือนจากระบบ | D10: รายการจอง 60 สล็อตของวันนี้ | E10: ไม่มีสล็อตว่างให้จองเพิ่ม และระบบแสดงข้อความแจ้งเตือน "คอร์ทสำหรับวันนี้ถูกจองเต็มหมดแล้ว ขออภัยในความไม่สะดวก" | G10: รอทดสอบ
A11: TC_CONC_009 | B11: เช็กอินแข่งกับยกเลิกรายการเดียวกัน (Concurrency, RACE-04) | C11: 1. เตรียม PENDING ในช่วงเวลาที่เช็กอินได้ 2. ยิง POST /bookings/{id}/check-in และ POST /bookings/{id}/cancel พร้อมกัน 3. ตรวจสถานะสุดท้ายและจำนวน strikes | D11: booking เดียวกัน ยิง 2 คำขอพร้อมกัน | E11: มีผลสุดท้ายเพียงเส้นทางเดียวที่สำเร็จ (CHECKED_IN หรือ CANCELLED) ถ้าถูกยกเลิกทันเวลาต้องไม่มี strike และคำขอที่แพ้ได้ 400 ที่อ่านเข้าใจ (ทั้งสองเส้นทางใช้ dbMutex และ transaction) | G11: รอทดสอบ
A12: TC_CONC_010 | B12: เช็กอินแข่งกับงานอัตโนมัติตรง deadline (Concurrency, RACE-05) | C12: 1. เตรียม PENDING ที่ deadline 12:00 2. ที่เวลา 12:00:00 เรียกเช็กอินและให้ cron ทำงานพร้อมกัน 3. ตรวจสถานะและจำนวน strikes | D12: booking deadline 12:00 (จองก่อนรอบ) | E12: ไม่เช็กอินรายการที่หมดเวลา (ได้ 400 "The check-in period has ended.") cron ยกเลิกและเพิ่ม strike 1 ครั้งเท่านั้น และไม่มีสถานะย้อนกลับเป็น PENDING | G12: รอทดสอบ
A13: TC_CONC_011 | B13: จบการใช้งานแข่งกับงานอัตโนมัติ (Concurrency, RACE-07) | C13: 1. เตรียมรายการ CHECKED_IN ใกล้เวลาสิ้นสุดรอบ 2. ให้ Admin กดจบการใช้งานและ cron ทำงานพร้อมกัน 3. ตรวจสถานะ สิทธิ์การจองของนักศึกษา และประวัติ | D13: CHECKED_IN ที่ใกล้เวลาสิ้นสุดรอบ, finish + cron พร้อมกัน | E13: สถานะสุดท้ายเป็น COMPLETED เสมอ ไม่มีข้อมูลสูญหาย และไม่เกิดการนับโควตาซ้ำหรือสถานะย้อนกลับเป็น CHECKED_IN | G13: รอทดสอบ
A14: TC_CONC_012 | B14: แบนเกิดพร้อมคำขอจองใหม่ (Concurrency, RACE-08) | C14: 1. ให้ผู้ใช้มี 1 strike และมีรายการที่เลย deadline แล้ว 2. ให้ cron เพิ่ม strike ที่สอง (แบน) พร้อมกับที่ผู้ใช้ยิง POST /bookings 3. ตรวจผลลัพธ์และเวลาหมดแบน | D14: ผู้ใช้ 1 strike, ยิงจองพร้อม cron ที่ทำให้ครบ 2 | E14: คำขอจองที่เข้ามาหลังถูกแบนได้ 400 "Your account is currently banned from booking courts." (ตรวจสถานะก่อนเข้าคิว) และเวลาหมดแบน = เวลาที่เกิดครั้งที่สอง + 24 ชั่วโมง | G14: รอทดสอบ
A15: TC_CONC_013 | B15: ทดสอบข้าม instance เมื่อ mutex อยู่ในหน่วยความจำ (Concurrency, RACE-09) | C15: 1. รัน backend มากกว่า 1 process/instance ต่อฐานข้อมูลเดียวกัน 2. ทำ RACE-01/02/04/06 ซ้ำโดยยิงเข้าคนละ instance 3. ตรวจข้อมูลในฐานข้อมูล | D15: backend 2 instance ต่อ DB เดียวกัน (ถ้า deployment เป็นแบบนั้น) | E15: ฐานข้อมูลยังรักษากติกาได้ (ไม่มี double booking และไม่นับ strike ซ้ำ) โดยไม่พึ่ง mutex ในหน่วยความจำของ process เดียว — ถ้ายังรัน process เดียวให้บันทึกเป็น "ตรวจไม่ได้" พร้อมประเมินความเสี่ยง (GAP-08) | G15: รอทดสอบ
A16: TC_CONC_014 | B16: restart backend และฐานข้อมูล (Positive, DATA-01) | C16: 1. จองคอร์ตและสร้าง strikes ไว้ 2. restart backend และฐานข้อมูล 3. ตรวจบัญชี การจอง และเวลาหมดแบน | D16: การจอง 1 รายการ, strikes 1, banned_until เป็นวันพรุ่งนี้ | E16: ข้อมูลคงอยู่ตาม storage ที่ตั้งค่า ไม่หายเมื่อ restart และเวลาหมดแบนเท่าเดิม ไม่ถูกคำนวณใหม่ | G16: รอทดสอบ
A17: TC_CONC_015 | B17: rollback และ restore backup (Positive, DATA-02) | C17: 1. สำรองข้อมูลทดสอบ 2. ลบหรือแก้ข้อมูลแล้ว restore กลับ 3. ตรวจความสัมพันธ์ student/admin/booking | D17: backup ของฐานทดสอบ | E17: ความสัมพันธ์ student/admin/booking ครบถ้วนหลัง restore ไม่มีรายการที่ชี้ไปยังผู้ใช้ที่ไม่มีอยู่ และล็อกอินได้ตามเดิม | G17: รอทดสอบ
A18: TC_CONC_016 | B18: created_at หลังเช็กอิน ยกเลิก และจบการใช้งาน (Edge Case, DATA-03) | C18: 1. จองตอน 10:30 (created_at = 10:30) 2. เช็กอินหรือยกเลิก แล้วดูค่า created_at กับ updated_at 3. เทียบ deadline ที่ระบบใช้กับ created_at เดิม | D18: booking ที่ created_at = 10:30, เช็กอินเวลา 10:40 | E18: created_at ไม่ถูกเขียนทับและ grace period ยังคิดจากค่าเดิม (booking-time.ts ใช้ max(เวลาเริ่มรอบ, created_at) + 15 นาที) | G18: รอทดสอบ
A19: TC_CONC_017 | B19: ทดสอบทั้ง MySQL และ SQLite (Positive, DATA-04) | C19: 1. รันชุดหลัก (สมัคร ล็อกอิน จอง ยกเลิก เช็กอิน แบน) บน MySQL 2. ทำซ้ำบน SQLite 3. เทียบผลเรื่องเวลา transaction และข้อจำกัด unique/FK | D19: MySQL และ SQLite (ถ้ารองรับทั้งสอง) | E19: ผลเทียบเท่ากันทั้งสองฐาน หรือบันทึกความต่างที่พบอย่างชัดเจน — โปรเจกต์เปลี่ยนมาใช้ MySQL แล้ว จึงให้ MySQL เป็นผลหลักและเก็บผล SQLite ไว้เป็นข้อมูลอ้างอิง | G19: รอทดสอบ
A20: TC_CONC_018 | B20: happy path ของทุก endpoint (Positive, API-01) | C20: 1. เรียกทุก endpoint ในตาราง (auth, users, bookings, courts) ด้วยข้อมูลถูกต้อง 2. บันทึก status และ body ที่ได้ 3. ตรวจข้อมูลในฐานข้อมูลเทียบกับคำตอบ | D20: ผู้ใช้ STUDENT และ ADMIN บนฐานทดสอบ | E20: ทุก endpoint คืน status และ body ตรงกับงานที่ทำ (200/201 เมื่อสำเร็จ) และข้อมูลในฐานข้อมูลสอดคล้องกับคำตอบ | G20: รอทดสอบ
A21: TC_CONC_019 | B21: เรียกด้วย method ผิดหรือ route ที่ไม่มีจริง (Negative, API-02) | C21: 1. ยิง PUT /auth/login และ DELETE /courts 2. ยิง POST /bookings/abc/cancel (id ไม่ใช่ตัวเลข) 3. ตรวจว่าไม่มีการเปลี่ยนแปลงข้อมูล | D21: method ผิด 2 กรณี, route ไม่มีจริง, id ผิดรูปแบบ | E21: ได้ controlled 4xx (404/405 หรือ 400) ไม่เกิด mutation และไม่เกิด 500 ที่มี stack trace | F21: API/MySQL: 404 unknown route (wrong method/id variants not covered); remaining UI/subcases not exercised | G21: ตรวจไม่ได้
A22: TC_CONC_020 | B22: ส่ง field ส่วนเกินที่เซิร์ฟเวอร์เป็นเจ้าของ (Negative, API-04) | C22: 1. สมัครโดยเพิ่ม role = "ADMIN", strikes = 0, banned_until = null 2. จองโดยเพิ่ม status = "CHECKED_IN" และ admin_id 3. ตรวจค่าที่บันทึกจริงในฐานข้อมูล | D22: body ที่มี role, strikes, banned_until, status, admin_id | E22: field ส่วนเกินไม่ถูกนำไปใช้ ผู้ใช้ใหม่ยังเป็น STUDENT ที่ strikes 0 และการจองใหม่เป็น PENDING ตามค่าเริ่มต้นของเซิร์ฟเวอร์เท่านั้น | F22: API/MySQL: extra role/status/strikes ignored for register; remaining UI/subcases not exercised | G22: ตรวจไม่ได้
A23: TC_CONC_021 | B23: ตัวระบุและชื่อเวลาในคำตอบสอดคล้องกับ frontend (Positive, API-06) | C23: 1. เรียก /bookings/me, /bookings (Admin) และ /courts/availability 2. เทียบชื่อฟิลด์กับที่ frontend อ่าน (booking-display.ts, dashboard) 3. ตรวจว่าไม่มี key ซ้ำในแถวเดียว | D23: เรียก 3 endpoint แล้วเทียบกับโค้ด frontend | E23: ตัวระบุใช้ id คู่กับ booking_id สอดคล้องกัน (getAllBookings และ getNotifications เติม id = booking_id) และชื่อเวลา (time_in/time_out กับ start_time/end_time) ตรงกับที่ frontend ใช้งาน | G23: รอทดสอบ
A24: TC_CONC_022 | B24: ข้อความ error ของ validation ไม่พบข้อมูล และไม่มีสิทธิ์ (Negative, API-07) | C24: 1. ยิงกรณี 400, 401, 403 และ 404 อย่างละ 1 ครั้ง 2. อ่านข้อความที่ตอบกลับ 3. มองหาข้อมูลภายในที่รั่วออกมา | D24: startTime = "10:30", token ปลอม, STUDENT เรียก /users, booking id 99999 | E24: ข้อความมีประโยชน์และไม่เปิดเผย SQL ชื่อตาราง รหัสผ่าน หรือ stack trace เช่น "Invalid booking start time.", "Cannot finish. Status is currently PENDING" และ "Booking not found or mismatch with this court." ตามที่โค้ดส่งจริง | G24: รอทดสอบ
A25: TC_CONC_023 | B25: ทดสอบ CORS จาก origin ที่ใช้งานจริง (Positive, API-08) | C25: 1. เรียก API จาก origin ของ frontend ที่ deploy จริง (ไม่ใช่ localhost) 2. ตรวจ header Access-Control-Allow-Origin 3. ลอง origin ที่ไม่อยู่ในนโยบาย | D25: origin จริง 1 ค่า และ origin แปลกปลอม 1 ค่า | E25: frontend ที่ใช้งานจริงเรียกได้ตาม deployment และ origin ที่ไม่อยู่ในนโยบายถูกปฏิเสธโดยไม่เปิด wildcard เกินจำเป็น (ต้องยืนยัน config กับผู้ดูแล deploy) | G25: รอทดสอบ

Sheet 10_Rules_dev
A1: กติกาอ้างอิงจากโค้ดเวอร์ชัน dev 0fcde23 (ใช้กำหนด Expected Result ทุกชีต)
A2: หัวข้อ | B2: กติกาอ้างอิงจากโค้ด (dev 0fcde23) | C2: อ้างอิงไฟล์/เอกสาร
A3: ผู้ใช้ | B3: นักศึกษา STUDENT และผู้ดูแล ADMIN (บัญชี Admin ถูก seed ให้อัตโนมัติเมื่อเริ่มระบบ) | C3: users.service.ts
A4: สนาม | B4: Court 1-4 ใช้ร่วมกันทั้งระบบ | C4: courts.service.ts
A5: วันจอง | B5: จองได้เฉพาะวันนี้ตามเวลา Asia/Bangkok เท่านั้น (ไม่มีจองล่วงหน้า) | C5: bookings.service.ts
A6: รอบเวลา | B6: รอบเริ่ม 08:00-22:00 รวม 15 รอบ รอบละ 1 ชั่วโมง รอบสุดท้ายสิ้นสุด 23:00 | C6: bookings.service.ts, frontend/src/lib/booking-display.ts
A7: รูปแบบ startTime | B7: รับเฉพาะเวลาต้นชั่วโมงตาม ^\d{2}:00(:00)?$ เช่น 08:00 หรือ 08:00:00; 10:30, 07:00, 23:00, 24:00, ab:cd ปฏิเสธ 400 'Invalid booking start time.' หรือ 'Booking hours are 08:00 to 23:00.' | C7: bookings.service.ts
A8: รอบที่หมดเวลาแล้ว | B8: ถ้าถึงเวลาสิ้นสุดรอบแล้ว ระบบปฏิเสธ 400 'This booking round has already ended.' โดยตรวจซ้ำใน transaction หลังรอคิว | C8: bookings.service.ts
A9: ระยะเวลาที่ได้ | B9: จองกลางรอบได้ แต่ time_out ยังเป็นเวลาสิ้นสุดรอบเดิม ไม่ขยาย 1 ชั่วโมงจากเวลาที่กดจอง | C9: booking-time.ts, booking-display.ts
A10: โควตาต่อวัน | B10: มี PENDING, CHECKED_IN หรือ COMPLETED ของวันนั้นแล้วจองเพิ่มไม่ได้ (CANCELLED ไม่ใช้โควตา) | C10: bookings.service.ts
A11: การทับซ้อน | B11: ห้ามคอร์ตเดียวกันมีช่วงเวลาทับซ้อนกัน ตรวจแบบช่วงเวลา (time_in < end AND time_out > start) | C11: bookings.service.ts
A12: สถานะการจอง | B12: PENDING → CHECKED_IN → COMPLETED และ PENDING → CANCELLED | C12: bookings.entity.ts
A13: เช็กอินเร็วสุด | B13: ก่อนเวลาเริ่มรอบ 15 นาที (start - 15 นาที) เร็วกว่านี้ได้ 400 'You cannot check in more than 15 minutes before the booking time starts.' | C13: bookings.service.ts
... A24: ฟอนต์และไอคอน | B24: ไอคอน Material Symbols โหลดจากแพ็กเกจ material-symbols ในโปรเจกต์ (ไม่ใช้ CDN ของ Google แล้ว) และมี CSS แก้ปัญหา ligature บน Safari มือถือ; ฟอนต์ Roboto Condensed โหลดผ่าน next/font | C24: layout.tsx, globals.css, frontend/package.json

Sheet 11_Mapping
A1: ความครบของ Test Case ในตารางนี้เทียบ Test Checklist ของทีม (test.md) — ครอบแล้ว/ยังไม่มีเคส ราย ID
A2: ชีตในตารางนี้ | B2: หมวดใน Test Checklist ของทีม (test.md) | C2: Test ID ของทีม | D2: Test Case ในตารางนี้ที่ครอบแล้ว (ID ของทีม → TC) | E2: ยังไม่มีเคสในตารางนี้ / เหตุผล
A3: 01_REQ-AUTH | B3: 3. สมัครสมาชิก /register | C3: REG-01 ถึง REG-16 (16 รายการ) | D3: REG-01 → TC_AUTH_001; REG-02 → TC_AUTH_006; REG-03 → TC_AUTH_002, TC_AUTH_003; REG-04 → TC_AUTH_015; REG-05 → TC_AUTH_004; REG-06 → TC_AUTH_005; REG-07 → TC_AUTH_016; REG-08 → TC_AUTH_017; REG-09 → TC_AUTH_018; REG-10 → TC_AUTH_019 ([ยืนยันกติกา]); REG-11 → TC_AUTH_020; REG-12 → TC_AUTH_021 ([ยืนยันกติกา]); REG-13 → TC_AUTH_022 ([ยืนยันกติกา]); REG-14 → TC_AUTH_023; REG-15 → TC_AUTH_024; REG-16 → TC_AUTH_011, TC_SEC_010 | E3: ครบทั้งหมด: มี Test Case ครอบทุก ID ในหมวดนี้แล้ว (16 รายการ) — ครบแล้ว — REG-10/12/13 ยังเป็นข้อ [ยืนยันกติกา] ที่ต้องสรุปกับทีมก่อนตัดสินผ่าน/ไม่ผ่าน และ REG-04/07/09/11 ตรงกับบั๊กที่ทีมพบ (QA-02/05/06/07)
A4: 01_REQ-AUTH | B4: 4. ล็อกอินและ Session | C4: AUT-01 ถึง AUT-19 (19 รายการ) | D4: AUT-01 → TC_AUTH_007; AUT-02 → TC_AUTH_010; AUT-03 → TC_AUTH_008, TC_AUTH_009; AUT-04 → TC_AUTH_025; AUT-05 → TC_AUTH_014; AUT-06 → TC_AUTH_026; AUT-07 → TC_SEC_001; AUT-08 → TC_SEC_002, TC_SEC_003; AUT-09 → TC_SEC_012; AUT-10 → TC_AUTH_027; AUT-11 → TC_SEC_015; AUT-12 → TC_SEC_013; AUT-13 → TC_SEC_014; AUT-14 → TC_AUTH_028; AUT-15 → TC_AUTH_013; AUT-16 → TC_AUTH_029; AUT-17 → TC_AUTH_030; AUT-18 → TC_AUTH_031; AUT-19 → TC_AUTH_032 | E4: ครบทั้งหมด: มี Test Case ครอบทุก ID ในหมวดนี้แล้ว (19 รายการ) — ครบแล้ว
A5: 02_REQ-BOOK | B5: 6. เลือกวัน เวลา และสนาม | C5: AVA-01 ถึง AVA-17 (17 รายการ) | D5: AVA-01 → TC_UI_016; AVA-02 → TC_BOOK_014, TC_BOOK_015 (ขอบเขตแรก/สุดท้าย); AVA-03 → TC_BOOK_004; AVA-04 → TC_BOOK_030; AVA-05 → TC_BOOK_031; AVA-06 → TC_CONC_008; AVA-07 → TC_BOOK_016; AVA-08 → TC_BOOK_009 (API), TC_ADM_024 (ผลของ COMPLETED); AVA-09 → TC_BOOK_026; AVA-10 → TC_BOOK_027; AVA-11 → TC_BOOK_028; AVA-12 → TC_BOOK_032; AVA-13 → TC_BOOK_033; AVA-14 → TC_BOOK_034; AVA-15 → TC_BOOK_035; AVA-16 → TC_BOOK_036; AVA-17 → TC_BOOK_037 | E5: ครบทั้งหมด: มี Test Case ครอบทุก ID ในหมวดนี้แล้ว (17 รายการ) — ครบแล้ว — AVA-08 ยังต้องสรุปกับทีมถ้า UI แสดงว่าสนามว่างหลัง COMPLETED (GAP-02)
A6: 02_REQ-BOOK | B6: 7. ยืนยันและสร้างการจอง | C6: BKG-01 ถึง BKG-18 (18 รายการ) | D6: BKG-01 → TC_BOOK_002; BKG-02 → TC_BOOK_038; BKG-03 → TC_BOOK_001; BKG-04 → TC_BOOK_026; BKG-05 → TC_BOOK_008; BKG-06 → TC_BOOK_009; BKG-07 → TC_BOOK_016; BKG-08 → TC_BOOK_039; BKG-09 → TC_BAN_011; BKG-10 → TC_CONC_001; BKG-11 → TC_CONC_003; BKG-12 → TC_BOOK_029; BKG-13 → TC_BOOK_022, TC_BOOK_024; BKG-14 → TC_BOOK_023; BKG-15 → TC_BOOK_040; BKG-16 → TC_BOOK_025; BKG-17 → TC_BOOK_041; BKG-18 → TC_BOOK_042 | E6: ครบทั้งหมด: มี Test Case ครอบทุก ID ในหมวดนี้แล้ว (18 รายการ) — ครบแล้ว
A7: 03_REQ-CANCEL | B7: 11. ยกเลิกการจอง | C7: CAN-01 ถึง CAN-09 (9 รายการ) | D7: CAN-01 → TC_CANC_017; CAN-02 → TC_CANC_001; CAN-03 → TC_CANC_003; CAN-04 → TC_CANC_014; CAN-05 → TC_CANC_013; CAN-06 → TC_CANC_005, TC_CANC_006; CAN-07 → TC_CANC_015; CAN-08 → TC_CANC_009, TC_CANC_010; CAN-09 → TC_CANC_016 | E7: ครบทั้งหมด: มี Test Case ครอบทุก ID ในหมวดนี้แล้ว (9 รายการ) — ครบแล้ว
A8: 04_REQ-CHECKIN | B8: 9. QR และเช็กอิน /scan | C8: QR-01 ถึง QR-14 (14 รายการ) | D8: QR-01 → TC_CHK_002, TC_CHK_014; QR-02 → TC_CHK_014; QR-03 → TC_CHK_021; QR-04 → TC_CHK_002; QR-05 → TC_CHK_005; QR-06 → TC_CHK_006; QR-07 → TC_CHK_006 (บางส่วน); QR-08 → TC_CHK_008; QR-09 → TC_CHK_022; QR-10 → TC_CHK_023; QR-11 → TC_CHK_024; QR-12 → TC_CHK_025; QR-13 → TC_CHK_026 ([ยืนยันกติกา]); QR-14 → TC_CHK_005 (บางส่วน) | E8: ครบทั้งหมด: มี Test Case ครอบทุก ID ในหมวดนี้แล้ว (14 รายการ) — ครบแล้ว — QR-07 (parseInt ตัดข้อความ) และ QR-13 (QR ผู้ดูแลก่อนเวลาเริ่มรอบ) เป็นข้อที่ต้องยืนยันกับทีมก่อนตัดสิน (GAP-03/04)
A9: 04_REQ-CHECKIN | B9: 10. ขอบเขตเวลาเช็กอิน | C9: TIM-01 ถึง TIM-11 (11 รายการ) | D9: TIM-01 → TC_CHK_003; TIM-02 → TC_CHK_004; TIM-03 → TC_CHK_016; TIM-04 → TC_CHK_015; TIM-05 → TC_CHK_017; TIM-06 → TC_CHK_027; TIM-07 → TC_CHK_018; TIM-08 → TC_CHK_018; TIM-09 → TC_CHK_019; TIM-10 → TC_CHK_020; TIM-11 → TC_CHK_028 | E9: ครบทั้งหมด: มี Test Case ครอบทุก ID ในหมวดนี้แล้ว (11 รายการ) — ครบแล้ว — TIM-11 ต้องยืนยันพฤติกรรม availability ที่ไม่ส่ง date กับทีม (GAP-05)
A10: 05_REQ-BAN | B10: 12. Strikes และการแบน | C10: BAN-01 ถึง BAN-09 (9 รายการ) | D10: BAN-01 → TC_BAN_006; BAN-02 → TC_BAN_007; BAN-03 → TC_BAN_014; BAN-04 → TC_BAN_011; BAN-05 → TC_BAN_023; BAN-06 → TC_BAN_012, TC_BAN_013; BAN-07 → TC_BAN_016; BAN-08 → TC_BAN_024; BAN-09 → TC_BAN_025 | E10: ครบทั้งหมด: มี Test Case ครอบทุก ID ในหมวดนี้แล้ว (9 รายการ) — ครบแล้ว
A11: 05_REQ-BAN | B11: 13. งานอัตโนมัติ Cron | C11: CRN-01 ถึง CRN-11 (11 รายการ) | D11: CRN-01 → TC_BAN_004; CRN-02 → TC_BAN_005; CRN-03 → TC_BAN_005; CRN-04 → TC_BAN_018; CRN-05 → TC_BAN_019; CRN-06 → TC_BAN_020; CRN-07 → TC_BAN_003; CRN-08 → TC_BAN_009; CRN-09 → TC_BAN_021; CRN-10 → TC_BAN_026; CRN-11 → TC_BAN_022 | E11: ครบทั้งหมด: มี Test Case ครอบทุก ID ในหมวดนี้แล้ว (11 รายการ) — ครบแล้ว
A12: 06_REQ-ADMIN | B12: 14. Dashboard ผู้ดูแลและจบการใช้งาน | C12: ADM-01 ถึง ADM-12 (12 รายการ) | D12: ADM-01 → TC_ADM_016; ADM-02 → TC_ADM_022; ADM-03 → TC_CHK_009; ADM-04 → TC_ADM_018; ADM-05 → TC_ADM_023; ADM-06 → TC_CHK_011; ADM-07 → TC_CHK_012; ADM-08 → TC_ADM_019; ADM-09 → TC_ADM_024; ADM-10 → TC_ADM_010; ADM-11 → TC_ADM_011; ADM-12 → TC_ADM_025 | E12: ครบทั้งหมด: มี Test Case ครอบทุก ID ในหมวดนี้แล้ว (12 รายการ) — ครบแล้ว — ADM-09/10/11 ต้องยืนยันกติกา COMPLETED และฟังก์ชันกราฟ/สถิติกับทีม (GAP-01/09)
A13: 06_REQ-ADMIN | B13: 15. จัดการผู้ใช้และ Reset | C13: USR-01 ถึง USR-09, RST-01 ถึง RST-04 (13 รายการ) | D13: USR-01 → TC_ADM_007; USR-02 → TC_ADM_008; USR-03 → TC_ADM_021; USR-04 → TC_ADM_026; USR-05 → TC_ADM_027; USR-06 → TC_ADM_009; USR-07 → TC_ADM_028; USR-08 → TC_ADM_029; USR-09 → TC_ADM_030; RST-01 → TC_ADM_031; RST-02 → TC_ADM_017, TC_ADM_020; RST-03 → TC_ADM_032; RST-04 → TC_ADM_033 | E13: ครบทั้งหมด: มี Test Case ครอบทุก ID ในหมวดนี้แล้ว (13 รายการ) — ครบแล้ว — USR-07 ต้องบันทึกรหัสสถานะจริงที่ได้เมื่อลบผู้ใช้ที่มีประวัติ (FK RESTRICT)
... A25: (ไม่สร้างชีต) | B25: 23. จุดที่ต้องตรวจเป็นพิเศษ + เกณฑ์ปิดรอบ | C25: GAP-01 ถึง GAP-09, EXIT-01 ถึง EXIT-05 (14 รายการ) | D25: — | E25: ไม่สร้างชีต Test Case: GAP เป็นประเด็นที่ยังไม่ตรงกันระหว่างเอกสารกับโค้ด (สรุปในหมายเหตุชีต 00_Summary ข้อ 9) และ EXIT เป็นเกณฑ์ปิดรอบทดสอบ ไม่ใช่ Test Case

Sheet 12_Execution_20260928
A1: Test Case ID | B1: Status | C1: Actual Result (ย่อ) | D1: Evidence Channel | E1: Code / Case Revision
A2: TC_ADM_013 | B2: ตรวจไม่ได้ | C2: Browser/Chromium: admin menu hides booking and scan; student menu tested in UI_010; remaining workbook assertions not verified | D2: Browser/Chromium | E2: feature-Docx 581a654 / ferture-tee-testing ed3bdca
A3: TC_ADM_014 | B3: ผ่าน | C3: Browser/Chromium: admin direct booking/scan -> dashboard | D3: Browser/Chromium | E3: feature-Docx 581a654 / ferture-tee-testing ed3bdca
A4: TC_ADM_016 | B4: ตรวจไม่ได้ | C4: API/MySQL: admin sees dated bookings Only some workbook assertions were exercised. | D4: API/MySQL | E4: feature-Docx 581a654 / ferture-tee-testing ed3bdca
A5: TC_ADM_019 | B5: ไม่ผ่าน | C5: API/MySQL round 2: statuses=201,201 + actual - expected [ 201, + 201 - 400 ] | D5: API/MySQL round 2 | E5: feature-Docx 581a654 / ferture-tee-testing ed3bdca
A6: TC_ADM_020 | B6: ผ่าน | C6: API/MySQL round 2: reset removed booking 40; retained students/strikes/admin/4 courts | D6: API/MySQL round 2 | E6: feature-Docx 581a654 / ferture-tee-testing ed3bdca
A7: TC_ADM_026 | B7: ไม่ผ่าน | C7: API/MySQL: HTTP 201; default-password login HTTP 201 | D7: API/MySQL | E7: feature-Docx 581a654 / ferture-tee-testing ed3bdca
A8: TC_AUTH_002 | B8: ตรวจไม่ได้ | C8: API/MySQL: 400 domain validation Only some workbook assertions were exercised. | D8: API/MySQL | E8: feature-Docx 581a654 / ferture-tee-testing ed3bdca
A9: TC_AUTH_003 | B9: ตรวจไม่ได้ | C9: API/MySQL: 400 suffix validation Only some workbook assertions were exercised. | D9: API/MySQL | E9: feature-Docx 581a654 / ferture-tee-testing ed3bdca
A10: TC_AUTH_004 | B10: ตรวจไม่ได้ | C10: API/MySQL: 400 duplicate username Only some workbook assertions were exercised. | D10: API/MySQL | E10: feature-Docx 581a654 / ferture-tee-testing ed3bdca
A11: TC_AUTH_005 | B11: ไม่ผ่าน | C11: API/MySQL: duplicate HTTP 201; original username is OVERWRITTEN 201 !== 400 | D11: API/MySQL | E11: feature-Docx 581a654 / ferture-tee-testing ed3bdca
A12: TC_AUTH_006 | B12: ตรวจไม่ได้ | C12: Browser/Chromium: 7 required inputs reject blank before POST; remaining workbook assertions not verified | D12: Browser/Chromium | E12: feature-Docx 581a654 / ferture-tee-testing ed3bdca
... A99: TC_UI_013 | B99: ผ่าน | C99: Browser/Chromium: news renders for both roles | D99: Browser/Chromium | E99: feature-Docx 581a654 / ferture-tee-testing ed3bdca

Sheet 13_Execution_Additional
A1: Test Case ID | B1: Status | C1: Actual Result | D1: Evidence | E1: Build
A2: TC_AUTH_030 | B2: ไม่ผ่าน | C2: /dashboard with broken JSON landed at http://localhost:3001/dashboard, body=error Something went wrong! SyntaxError: Expected property name or '}' in JSON at position 1 (line 1 column 2) SyntaxE + actual - expected + '/dashboard' - '/login' | D2: testing/evidence/qa_remaining_ui_results.json | E2: feature-Docx 581a654 / cases ed3bdca
A3: TC_SEC_011 | B3: ผ่าน | C3: localStorage keys=token,user; user fields=id,name,role,username; no password | D3: testing/evidence/qa_remaining_ui_results.json | E3: feature-Docx 581a654 / cases ed3bdca
A4: TC_AUTH_012 | B4: ผ่าน | C4: authenticated booking GET requests with Bearer header; availability 200; paths=/api/bookings/me,/api/bookings/user-notifications,/api/bookings/user-notifications,/api/bookings/user-notifications | D4: testing/evidence/qa_remaining_ui_results.json | E4: feature-Docx 581a654 / cases ed3bdca
A5: TC_BOOK_004 | B5: ไม่ผ่าน | C5: ปุ่มดำเนินการจองต่อถูกปิดใช้งาน จึงกดเพื่อแสดงข้อความเตือนตาม Expected Result ไม่ได้ true !== false | D5: testing/evidence/qa_remaining_ui_results.json | E5: feature-Docx 581a654 / cases ed3bdca
A6: TC_UI_016 | B6: ตรวจไม่ได้ | C6: auto-open modal: quota/15-minute/24-hour text; close and booking page remains usable; backend policy text not independently verified | D6: testing/evidence/qa_remaining_ui_results.json | E6: feature-Docx 581a654 / cases ed3bdca
A7: TC_UI_001 | B7: ตรวจไม่ได้ | C7: dashboard/booking at 1440x900,1920x1080 no horizontal overflow; overlap not visually verified | D7: testing/evidence/qa_remaining_ui_results.json | E7: feature-Docx 581a654 / cases ed3bdca

Sheet 14_REQ-BOOK_Execution
A1: Test Case ID | B1: Status | C1: Actual Result | D1: Evidence Set | E1: Build
A2: TC_BOOK_001 | B2: ผ่าน | C2: Browser/Chromium + MySQL QA: ยืนยันใน dialog สำเร็จ, toast “จองคอร์ทสำเร็จ”; DB บันทึก 18:00-19:00 สถานะ PENDING. หลักฐาน: qa_book_api_results.json; qa_book_ui_results.json; qa_book_ui_recheck_results.json; qa_book_ui_TC_BOOK_017_TC_BOOK_018_TC_BOOK_019.json; qa_book_ui_TC_BOOK_027_TC_BOOK_028.json; qa_book_ui_TC_BOOK_035.json; qa_book_ui_TC_BOOK_041.json; qa_book_time_results.json | D2: testing/evidence/qa_book_*.json | E2: feature-Docx 37aea29 / code 581a654 / cases ed3bdca
A3: TC_BOOK_002 | B3: ผ่าน | C3: Browser/Chromium: dialog แสดง วันที่/เดือน/คอร์ท/เวลา/ชื่อผู้จอง ครบ: 28 | กันยายน | Court 2 | 20:00-21:00 | ชื่อบัญชี QA. หลักฐาน: qa_book_api_results.json; qa_book_ui_results.json; qa_book_ui_recheck_results.json; qa_book_ui_TC_BOOK_017_TC_BOOK_018_TC_BOOK_019.json; qa_book_ui_TC_BOOK_027_TC_BOOK_028.json; qa_book_ui_TC_BOOK_035.json; qa_book_ui_TC_BOOK_041.json; qa_book_time_results.json | D3: testing/evidence/qa_book_*.json | E3: feature-Docx 37aea29 / code 581a654 / cases ed3bdca
A4: TC_BOOK_003 | B4: ไม่ผ่าน | C4: Browser/Chromium: ปุ่มจริงคือ “ยืนยันจองคอร์ท” ไม่ใช่ข้อความที่ Expected Result กำหนดว่า “จองคอร์ต”. หลักฐาน: qa_book_api_results.json; qa_book_ui_results.json; qa_book_ui_recheck_results.json; qa_book_ui_TC_BOOK_017_TC_BOOK_018_TC_BOOK_019.json; qa_book_ui_TC_BOOK_027_TC_BOOK_028.json; qa_book_ui_TC_BOOK_035.json; qa_book_ui_TC_BOOK_041.json; qa_book_time_results.json | D4: testing/evidence/qa_book_*.json | E4: feature-Docx 37aea29 / code 581a654 / cases ed3bdca
A5: TC_BOOK_004 | B5: ไม่ผ่าน | C5: Browser/Chromium รอบเพิ่ม: ปุ่มดำเนินการจองต่อถูกปิดใช้งาน จึงกดเพื่อแสดงข้อความเตือนตาม Expected Result ไม่ได้ true !== false หลักฐาน: testing/evidence/qa_remaining_ui_results.json | D5: testing/evidence/qa_book_*.json | E5: feature-Docx 37aea29 / code 581a654 / cases ed3bdca
A6: TC_BOOK_005 | B6: ผ่าน | C6: API/MySQL QA: วันพรุ่งนี้ตอบ 400 ข้อความ day-by-day policy; จำนวนแถว DB 0→0. หลักฐาน: qa_book_api_results.json; qa_book_ui_results.json; qa_book_ui_recheck_results.json; qa_book_ui_TC_BOOK_017_TC_BOOK_018_TC_BOOK_019.json; qa_book_ui_TC_BOOK_027_TC_BOOK_028.json; qa_book_ui_TC_BOOK_035.json; qa_book_ui_TC_BOOK_041.json; qa_book_time_results.json | D6: testing/evidence/qa_book_*.json | E6: feature-Docx 37aea29 / code 581a654 / cases ed3bdca
A7: TC_BOOK_006 | B7: ผ่าน | C7: Browser/Chromium: แสดงวันนี้และคำว่า วันที่; ไม่มี input[type=date] หรือ dropdown ให้เลือกวันอื่น. หลักฐาน: qa_book_api_results.json; qa_book_ui_results.json; qa_book_ui_recheck_results.json; qa_book_ui_TC_BOOK_017_TC_BOOK_018_TC_BOOK_019.json; qa_book_ui_TC_BOOK_027_TC_BOOK_028.json; qa_book_ui_TC_BOOK_035.json; qa_book_ui_TC_BOOK_041.json; qa_book_time_results.json | D7: testing/evidence/qa_book_*.json | E7: feature-Docx 37aea29 / code 581a654 / cases ed3bdca
A8: TC_BOOK_007 | B8: ผ่าน | C8: Browser/Chromium: current month displayed, no select element | D8: testing/evidence/qa_book_*.json | E8: feature-Docx 37aea29 / code 581a654 / cases ed3bdca
A9: TC_BOOK_008 | B9: ผ่าน | C9: API/MySQL: 400 quota | D9: testing/evidence/qa_book_*.json | E9: feature-Docx 37aea29 / code 581a654 / cases ed3bdca
A10: TC_BOOK_009 | B10: ตรวจไม่ได้ | C10: Service/API + MySQL QA: เปลี่ยน fixture เป็น COMPLETED แล้วการจองที่ 2 ตอบ 400 และ DB เหลือ 1 แถว; ยังไม่ได้ทำ lifecycle จอง→check-in→cron COMPLETED ครบจริง. หลักฐาน: qa_book_api_results.json; qa_book_ui_results.json; qa_book_ui_recheck_results.json; qa_book_ui_TC_BOOK_017_TC_BOOK_018_TC_BOOK_019.json; qa_book_ui_TC_BOOK_027_TC_BOOK_028.json; qa_book_ui_TC_BOOK_035.json; qa_book_ui_TC_BOOK_041.json; qa_book_time_results.json | D10: testing/evidence/qa_book_*.json | E10: feature-Docx 37aea29 / code 581a654 / cases ed3bdca
A11: TC_BOOK_010 | B11: ผ่าน | C11: API/MySQL: different user, same court/slot 400 | D11: testing/evidence/qa_book_*.json | E11: feature-Docx 37aea29 / code 581a654 / cases ed3bdca
A12: TC_BOOK_011 | B12: ไม่ผ่าน | C12: API/MySQL QA: startTime=18:30 ตอบ 400 “Invalid booking start time.” ตั้งแต่ validation จึงไม่ได้พิสูจน์การชนแบบช่วงเวลา 18:30-19:30 ตาม Expected Result. หลักฐาน: qa_book_api_results.json; qa_book_ui_results.json; qa_book_ui_recheck_results.json; qa_book_ui_TC_BOOK_017_TC_BOOK_018_TC_BOOK_019.json; qa_book_ui_TC_BOOK_027_TC_BOOK_028.json; qa_book_ui_TC_BOOK_035.json; qa_book_ui_TC_BOOK_041.json; qa_book_time_results.json | D12: testing/evidence/qa_book_*.json | E12: feature-Docx 37aea29 / code 581a654 / cases ed3bdca
... A37: TC_BOOK_036 | B37: ไม่ผ่าน | C37: Browser/Chromium จำลอง availability HTTP 500: UI แสดง toast “Failed to load courts” แต่หน้าแสดง 0 คอร์ทพร้อมใช้และไม่มีปุ่มลองใหม่ จึงไม่ผ่าน. หลักฐาน: qa_book_api_results.json; qa_book_ui_results.json; qa_book_ui_recheck_results.json; qa_book_ui_TC_BOOK_017_TC_BOOK_018_TC_BOOK_019.json; qa_book_ui_TC_BOOK_027_TC_BOOK_028.json; qa_book_ui_TC_BOOK_035.json; qa_book_ui_TC_BOOK_041.json; qa_book_time_results.json | D37: testing/evidence/qa_book_*.json | E37: feature-Docx 37aea29 / code 581a654 / cases ed3bdca
A38: TC_BOOK_037 | B38: รอทดสอบ | D38: testing/evidence/qa_book_*.json | E38: feature-Docx 37aea29 / code 581a654 / cases ed3bdca
A39: TC_BOOK_038 | B39: ผ่าน | C39: Browser/Chromium: ปิด dialog ด้วย “กลับไปเลือก”; POST=0, Booking 0→0, /bookings/me ว่าง และ Court 1 ยังเลือกได้. หลักฐาน: qa_book_api_results.json; qa_book_ui_results.json; qa_book_ui_recheck_results.json; qa_book_ui_TC_BOOK_017_TC_BOOK_018_TC_BOOK_019.json; qa_book_ui_TC_BOOK_027_TC_BOOK_028.json; qa_book_ui_TC_BOOK_035.json; qa_book_ui_TC_BOOK_041.json; qa_book_time_results.json | D39: testing/evidence/qa_book_*.json | E39: feature-Docx 37aea29 / code 581a654 / cases ed3bdca
A40: TC_BOOK_039 | B40: ผ่าน | C40: API/MySQL QA: มี COMPLETED เมื่อวาน แล้ววันนี้จอง Court 3 เวลา 18:00 ได้ 201. หลักฐาน: qa_book_api_results.json; qa_book_ui_results.json; qa_book_ui_recheck_results.json; qa_book_ui_TC_BOOK_017_TC_BOOK_018_TC_BOOK_019.json; qa_book_ui_TC_BOOK_027_TC_BOOK_028.json; qa_book_ui_TC_BOOK_035.json; qa_book_ui_TC_BOOK_041.json; qa_book_time_results.json | D40: testing/evidence/qa_book_*.json | E40: feature-Docx 37aea29 / code 581a654 / cases ed3bdca
A41: TC_BOOK_040 | B41: ไม่ผ่าน | C41: API/MySQL: statuses 500,500,400; booking rows 0 | D41: testing/evidence/qa_book_*.json | E41: feature-Docx 37aea29 / code 581a654 / cases ed3bdca
A42: TC_BOOK_041 | B42: ผ่าน | C42: Browser proxy: server commit POST 201 แล้วตัด response ให้ client timeout; UI แจ้ง error, /bookings/me พบ 1 รายการ; retry ตอบ 400 quota; DB มี 1 แถว. หลักฐาน: qa_book_api_results.json; qa_book_ui_results.json; qa_book_ui_recheck_results.json; qa_book_ui_TC_BOOK_017_TC_BOOK_018_TC_BOOK_019.json; qa_book_ui_TC_BOOK_027_TC_BOOK_028.json; qa_book_ui_TC_BOOK_035.json; qa_book_ui_TC_BOOK_041.json; qa_book_time_results.json | D42: testing/evidence/qa_book_*.json | E42: feature-Docx 37aea29 / code 581a654 / cases ed3bdca
A43: TC_BOOK_042 | B43: ผ่าน | C43: Mocked transaction + MySQL QA: error ก่อน callback ไม่ทิ้งแถว; คำขอถัดไปบันทึกสำเร็จและไม่พบ lock ค้าง. หลักฐาน: qa_book_api_results.json; qa_book_ui_results.json; qa_book_ui_recheck_results.json; qa_book_ui_TC_BOOK_017_TC_BOOK_018_TC_BOOK_019.json; qa_book_ui_TC_BOOK_027_TC_BOOK_028.json; qa_book_ui_TC_BOOK_035.json; qa_book_ui_TC_BOOK_041.json; qa_book_time_results.json | D43: testing/evidence/qa_book_*.json | E43: feature-Docx 37aea29 / code 581a654 / cases ed3bdca
